"p","U:0","U:1","U:2","U_0:0","U_0:1","U_0:2","ddt0(U):0","ddt0(U):1","ddt0(U):2","ddtCorrDdt0(U):0","ddtCorrDdt0(U):1","ddtCorrDdt0(U):2","vtkValidPointMask","arc_length","Points:0","Points:1","Points:2"
0.011658,7.481e-17,6.8906e-11,0.10628,8.7604e-17,6.8906e-11,0.10628,1.2907e-27,2.3803e-26,-4.0233e-25,1.2907e-27,2.3803e-26,-4.0233e-25,1,0,0,-0.00227,0.199
0.011658,7.4097e-17,7.1777e-11,0.10809,8.6897e-17,7.1777e-11,0.10809,-2.0153e-15,-3.7166e-14,6.2818e-13,-2.0153e-15,-3.7166e-14,6.2818e-13,1,4.54e-06,0,-0.0022655,0.199
0.011658,7.3385e-17,7.4648e-11,0.1099,8.6191e-17,7.4648e-11,0.1099,-4.0306e-15,-7.4331e-14,1.2564e-12,-4.0306e-15,-7.4331e-14,1.2564e-12,1,9.0799e-06,0,-0.0022609,0.199
0.011658,7.2673e-17,7.7519e-11,0.11171,8.5484e-17,7.7519e-11,0.11171,-6.0459e-15,-1.115e-13,1.8846e-12,-6.0459e-15,-1.115e-13,1.8846e-12,1,1.362e-05,0,-0.0022564,0.199
0.011658,7.196e-17,8.039e-11,0.11352,8.4778e-17,8.0391e-11,0.11352,-8.0613e-15,-1.4866e-13,2.5128e-12,-8.0613e-15,-1.4866e-13,2.5128e-12,1,1.816e-05,0,-0.0022518,0.199
0.011658,7.1248e-17,8.3261e-11,0.11533,8.4072e-17,8.3262e-11,0.11533,-1.0077e-14,-1.8583e-13,3.1409e-12,-1.0077e-14,-1.8583e-13,3.1409e-12,1,2.27e-05,0,-0.0022473,0.199
0.011658,7.0535e-17,8.6132e-11,0.11714,8.3365e-17,8.6133e-11,0.11714,-1.2092e-14,-2.23e-13,3.7691e-12,-1.2092e-14,-2.23e-13,3.7691e-12,1,2.724e-05,0,-0.0022428,0.199
0.011658,6.9823e-17,8.9003e-11,0.11895,8.2659e-17,8.9004e-11,0.11895,-1.4107e-14,-2.6016e-13,4.3973e-12,-1.4107e-14,-2.6016e-13,4.3973e-12,1,3.178e-05,0,-0.0022382,0.199
0.011658,6.911e-17,9.1875e-11,0.12076,8.1953e-17,9.1875e-11,0.12076,-1.6122e-14,-2.9733e-13,5.0255e-12,-1.6122e-14,-2.9733e-13,5.0255e-12,1,3.632e-05,0,-0.0022337,0.199
0.011658,6.8398e-17,9.4746e-11,0.12257,8.1246e-17,9.4746e-11,0.12257,-1.8138e-14,-3.3449e-13,5.6537e-12,-1.8138e-14,-3.3449e-13,5.6537e-12,1,4.086e-05,0,-0.0022291,0.199
0.011658,6.7685e-17,9.7617e-11,0.12438,8.054e-17,9.7617e-11,0.12438,-2.0153e-14,-3.7166e-13,6.2819e-12,-2.0153e-14,-3.7166e-13,6.2819e-12,1,4.54e-05,0,-0.0022246,0.199
0.011658,6.6973e-17,1.0049e-10,0.12619,7.9833e-17,1.0049e-10,0.12619,-2.2168e-14,-4.0882e-13,6.9101e-12,-2.2168e-14,-4.0882e-13,6.9101e-12,1,4.994e-05,0,-0.0022201,0.199
0.011658,6.626e-17,1.0336e-10,0.128,7.9127e-17,1.0336e-10,0.128,-2.4184e-14,-4.4599e-13,7.5383e-12,-2.4184e-14,-4.4599e-13,7.5383e-12,1,5.448e-05,0,-0.0022155,0.199
0.011658,6.5548e-17,1.0623e-10,0.12981,7.8421e-17,1.0623e-10,0.12981,-2.6199e-14,-4.8316e-13,8.1664e-12,-2.6199e-14,-4.8316e-13,8.1664e-12,1,5.902e-05,0,-0.002211,0.199
0.011658,6.4835e-17,1.091e-10,0.13162,7.7714e-17,1.091e-10,0.13162,-2.8214e-14,-5.2032e-13,8.7946e-12,-2.8214e-14,-5.2032e-13,8.7946e-12,1,6.356e-05,0,-0.0022064,0.199
0.011658,6.4123e-17,1.1197e-10,0.13343,7.7008e-17,1.1197e-10,0.13343,-3.023e-14,-5.5749e-13,9.4228e-12,-3.023e-14,-5.5749e-13,9.4228e-12,1,6.81e-05,0,-0.0022019,0.199
0.011658,6.3411e-17,1.1484e-10,0.13524,7.6302e-17,1.1484e-10,0.13524,-3.2245e-14,-5.9465e-13,1.0051e-11,-3.2245e-14,-5.9465e-13,1.0051e-11,1,7.264e-05,0,-0.0021974,0.199
0.011658,6.2698e-17,1.1771e-10,0.13705,7.5595e-17,1.1771e-10,0.13705,-3.426e-14,-6.3182e-13,1.0679e-11,-3.426e-14,-6.3182e-13,1.0679e-11,1,7.718e-05,0,-0.0021928,0.199
0.011658,6.1986e-17,1.2058e-10,0.13886,7.4889e-17,1.2059e-10,0.13886,-3.6276e-14,-6.6899e-13,1.1307e-11,-3.6276e-14,-6.6899e-13,1.1307e-11,1,8.172e-05,0,-0.0021883,0.199
0.011658,6.1273e-17,1.2346e-10,0.14067,7.4182e-17,1.2346e-10,0.14067,-3.8291e-14,-7.0615e-13,1.1936e-11,-3.8291e-14,-7.0615e-13,1.1936e-11,1,8.626e-05,0,-0.0021837,0.199
0.011658,6.0561e-17,1.2633e-10,0.14248,7.3476e-17,1.2633e-10,0.14248,-4.0306e-14,-7.4332e-13,1.2564e-11,-4.0306e-14,-7.4332e-13,1.2564e-11,1,9.08e-05,0,-0.0021792,0.199
0.011658,5.9848e-17,1.292e-10,0.14429,7.277e-17,1.292e-10,0.14429,-4.2321e-14,-7.8048e-13,1.3192e-11,-4.2321e-14,-7.8048e-13,1.3192e-11,1,9.534e-05,0,-0.0021747,0.199
0.011658,5.9136e-17,1.3207e-10,0.1461,7.2063e-17,1.3207e-10,0.1461,-4.4337e-14,-8.1765e-13,1.382e-11,-4.4337e-14,-8.1765e-13,1.382e-11,1,9.988e-05,0,-0.0021701,0.199
0.011658,5.8423e-17,1.3494e-10,0.14791,7.1357e-17,1.3494e-10,0.14791,-4.6352e-14,-8.5481e-13,1.4448e-11,-4.6352e-14,-8.5481e-13,1.4448e-11,1,0.00010442,0,-0.0021656,0.199
0.011658,5.7711e-17,1.3781e-10,0.14972,7.0651e-17,1.3781e-10,0.14972,-4.8367e-14,-8.9198e-13,1.5077e-11,-4.8367e-14,-8.9198e-13,1.5077e-11,1,0.00010896,0,-0.002161,0.199
0.011658,5.6998e-17,1.4068e-10,0.15153,6.9944e-17,1.4068e-10,0.15153,-5.0383e-14,-9.2915e-13,1.5705e-11,-5.0383e-14,-9.2915e-13,1.5705e-11,1,0.0001135,0,-0.0021565,0.199
0.011658,5.6449e-17,1.4355e-10,0.15334,6.9401e-17,1.4355e-10,0.15334,-5.2398e-14,-9.6631e-13,1.6333e-11,-5.2398e-14,-9.6631e-13,1.6333e-11,1,0.00011804,0,-0.002152,0.199
0.011658,5.5602e-17,1.4642e-10,0.15515,6.856e-17,1.4642e-10,0.15515,-5.4413e-14,-1.0035e-12,1.6961e-11,-5.4413e-14,-1.0035e-12,1.6961e-11,1,0.00012258,0,-0.0021474,0.199
0.011658,5.4861e-17,1.493e-10,0.15696,6.7825e-17,1.493e-10,0.15696,-5.6429e-14,-1.0406e-12,1.7589e-11,-5.6429e-14,-1.0406e-12,1.7589e-11,1,0.00012712,0,-0.0021429,0.199
0.011658,5.4149e-17,1.5217e-10,0.15877,6.7119e-17,1.5217e-10,0.15877,-5.8444e-14,-1.0778e-12,1.8217e-11,-5.8444e-14,-1.0778e-12,1.8217e-11,1,0.00013166,0,-0.0021383,0.199
0.011658,5.3436e-17,1.5504e-10,0.16058,6.6412e-17,1.5504e-10,0.16058,-6.0459e-14,-1.115e-12,1.8846e-11,-6.0459e-14,-1.115e-12,1.8846e-11,1,0.0001362,0,-0.0021338,0.199
0.011658,5.2724e-17,1.5791e-10,0.16239,6.5706e-17,1.5791e-10,0.16239,-6.2475e-14,-1.1521e-12,1.9474e-11,-6.2475e-14,-1.1521e-12,1.9474e-11,1,0.00014074,0,-0.0021293,0.199
0.011658,5.2011e-17,1.6078e-10,0.1642,6.5e-17,1.6078e-10,0.1642,-6.449e-14,-1.1893e-12,2.0102e-11,-6.449e-14,-1.1893e-12,2.0102e-11,1,0.00014528,0,-0.0021247,0.199
0.011658,5.1299e-17,1.6365e-10,0.16601,6.4293e-17,1.6365e-10,0.16601,-6.6505e-14,-1.2265e-12,2.073e-11,-6.6505e-14,-1.2265e-12,2.073e-11,1,0.00014982,0,-0.0021202,0.199
0.011658,5.0586e-17,1.6652e-10,0.16782,6.3587e-17,1.6652e-10,0.16782,-6.852e-14,-1.2636e-12,2.1358e-11,-6.852e-14,-1.2636e-12,2.1358e-11,1,0.00015436,0,-0.0021156,0.199
0.011658,4.9874e-17,1.6939e-10,0.16963,6.2881e-17,1.6939e-10,0.16963,-7.0536e-14,-1.3008e-12,2.1987e-11,-7.0536e-14,-1.3008e-12,2.1987e-11,1,0.0001589,0,-0.0021111,0.199
0.011658,4.9161e-17,1.7226e-10,0.17144,6.2174e-17,1.7226e-10,0.17144,-7.2551e-14,-1.338e-12,2.2615e-11,-7.2551e-14,-1.338e-12,2.2615e-11,1,0.00016344,0,-0.0021066,0.199
0.011658,4.8449e-17,1.7513e-10,0.17325,6.1468e-17,1.7513e-10,0.17325,-7.4566e-14,-1.3751e-12,2.3243e-11,-7.4566e-14,-1.3751e-12,2.3243e-11,1,0.00016798,0,-0.002102,0.199
0.011658,4.7736e-17,1.7801e-10,0.17506,6.0761e-17,1.7801e-10,0.17506,-7.6582e-14,-1.4123e-12,2.3871e-11,-7.6582e-14,-1.4123e-12,2.3871e-11,1,0.00017252,0,-0.0020975,0.199
0.011658,4.7024e-17,1.8088e-10,0.17687,6.0055e-17,1.8088e-10,0.17687,-7.8597e-14,-1.4495e-12,2.4499e-11,-7.8597e-14,-1.4495e-12,2.4499e-11,1,0.00017706,0,-0.0020929,0.199
0.011658,4.6311e-17,1.8375e-10,0.17868,5.9349e-17,1.8375e-10,0.17868,-8.0612e-14,-1.4866e-12,2.5128e-11,-8.0612e-14,-1.4866e-12,2.5128e-11,1,0.0001816,0,-0.0020884,0.199
0.011658,4.5599e-17,1.8662e-10,0.18049,5.8642e-17,1.8662e-10,0.18049,-8.2628e-14,-1.5238e-12,2.5756e-11,-8.2628e-14,-1.5238e-12,2.5756e-11,1,0.00018614,0,-0.0020839,0.199
0.011658,4.4887e-17,1.8949e-10,0.1823,5.7936e-17,1.8949e-10,0.1823,-8.4643e-14,-1.561e-12,2.6384e-11,-8.4643e-14,-1.561e-12,2.6384e-11,1,0.00019068,0,-0.0020793,0.199
0.011658,4.4174e-17,1.9236e-10,0.18411,5.723e-17,1.9236e-10,0.18411,-8.6658e-14,-1.5981e-12,2.7012e-11,-8.6658e-14,-1.5981e-12,2.7012e-11,1,0.00019522,0,-0.0020748,0.199
0.011658,4.3462e-17,1.9523e-10,0.18592,5.6523e-17,1.9523e-10,0.18592,-8.8674e-14,-1.6353e-12,2.764e-11,-8.8674e-14,-1.6353e-12,2.764e-11,1,0.00019976,0,-0.0020702,0.199
0.011658,4.2749e-17,1.981e-10,0.18773,5.5817e-17,1.981e-10,0.18773,-9.0689e-14,-1.6725e-12,2.8268e-11,-9.0689e-14,-1.6725e-12,2.8268e-11,1,0.0002043,0,-0.0020657,0.199
0.011658,4.2037e-17,2.0097e-10,0.18954,5.511e-17,2.0097e-10,0.18954,-9.2704e-14,-1.7096e-12,2.8897e-11,-9.2704e-14,-1.7096e-12,2.8897e-11,1,0.00020884,0,-0.0020612,0.199
0.011658,4.1324e-17,2.0385e-10,0.19135,5.4404e-17,2.0385e-10,0.19135,-9.4719e-14,-1.7468e-12,2.9525e-11,-9.4719e-14,-1.7468e-12,2.9525e-11,1,0.00021338,0,-0.0020566,0.199
0.011658,4.0612e-17,2.0672e-10,0.19316,5.3698e-17,2.0672e-10,0.19316,-9.6735e-14,-1.784e-12,3.0153e-11,-9.6735e-14,-1.784e-12,3.0153e-11,1,0.00021792,0,-0.0020521,0.199
0.011658,3.9899e-17,2.0959e-10,0.19497,5.2991e-17,2.0959e-10,0.19497,-9.875e-14,-1.8211e-12,3.0781e-11,-9.875e-14,-1.8211e-12,3.0781e-11,1,0.00022246,0,-0.0020475,0.199
0.011658,3.9187e-17,2.1246e-10,0.19678,5.2285e-17,2.1246e-10,0.19678,-1.0077e-13,-1.8583e-12,3.1409e-11,-1.0077e-13,-1.8583e-12,3.1409e-11,1,0.000227,0,-0.002043,0.199
0.011658,3.8474e-17,2.1533e-10,0.19859,5.1579e-17,2.1533e-10,0.19859,-1.0278e-13,-1.8955e-12,3.2038e-11,-1.0278e-13,-1.8955e-12,3.2038e-11,1,0.00023154,0,-0.0020385,0.199
0.011658,3.7762e-17,2.182e-10,0.2004,5.0872e-17,2.182e-10,0.2004,-1.048e-13,-1.9326e-12,3.2666e-11,-1.048e-13,-1.9326e-12,3.2666e-11,1,0.00023608,0,-0.0020339,0.199
0.011658,3.705e-17,2.2107e-10,0.20221,5.0166e-17,2.2107e-10,0.20221,-1.0681e-13,-1.9698e-12,3.3294e-11,-1.0681e-13,-1.9698e-12,3.3294e-11,1,0.00024062,0,-0.0020294,0.199
0.011658,3.4974e-17,2.2713e-10,0.20497,4.8023e-17,2.2713e-10,0.20497,-1.0743e-13,-2.0066e-12,3.2947e-11,-1.0743e-13,-2.0066e-12,3.2947e-11,1,0.00024516,0,-0.0020248,0.199
0.011658,3.1936e-17,2.3545e-10,0.20839,4.4865e-17,2.3545e-10,0.20839,-1.0707e-13,-2.0432e-12,3.1912e-11,-1.0707e-13,-2.0432e-12,3.1912e-11,1,0.0002497,0,-0.0020203,0.199
0.011658,2.8897e-17,2.4377e-10,0.21182,4.1706e-17,2.4377e-10,0.21182,-1.0671e-13,-2.0797e-12,3.0877e-11,-1.0671e-13,-2.0797e-12,3.0877e-11,1,0.00025424,0,-0.0020158,0.199
0.011658,2.5858e-17,2.5209e-10,0.21524,3.8548e-17,2.5209e-10,0.21524,-1.0635e-13,-2.1163e-12,2.9841e-11,-1.0635e-13,-2.1163e-12,2.9841e-11,1,0.00025878,0,-0.0020112,0.199
0.011658,2.282e-17,2.604e-10,0.21867,3.5389e-17,2.604e-10,0.21867,-1.0599e-13,-2.1528e-12,2.8806e-11,-1.0599e-13,-2.1528e-12,2.8806e-11,1,0.00026332,0,-0.0020067,0.199
0.011658,1.9781e-17,2.6872e-10,0.22209,3.2231e-17,2.6872e-10,0.22209,-1.0563e-13,-2.1894e-12,2.777e-11,-1.0563e-13,-2.1894e-12,2.777e-11,1,0.00026786,0,-0.0020021,0.199
0.011658,1.6742e-17,2.7704e-10,0.22552,2.9073e-17,2.7704e-10,0.22552,-1.0527e-13,-2.226e-12,2.6735e-11,-1.0527e-13,-2.226e-12,2.6735e-11,1,0.0002724,0,-0.0019976,0.199
0.011658,1.3704e-17,2.8536e-10,0.22894,2.5914e-17,2.8536e-10,0.22894,-1.0491e-13,-2.2625e-12,2.5699e-11,-1.0491e-13,-2.2625e-12,2.5699e-11,1,0.00027694,0,-0.0019931,0.199
0.011658,1.0665e-17,2.9367e-10,0.23237,2.2756e-17,2.9367e-10,0.23237,-1.0455e-13,-2.2991e-12,2.4664e-11,-1.0455e-13,-2.2991e-12,2.4664e-11,1,0.00028148,0,-0.0019885,0.199
0.011658,7.6266e-18,3.0199e-10,0.23579,1.9597e-17,3.0199e-10,0.23579,-1.0419e-13,-2.3356e-12,2.3628e-11,-1.0419e-13,-2.3356e-12,2.3628e-11,1,0.00028602,0,-0.001984,0.199
0.011658,4.588e-18,3.1031e-10,0.23922,1.6439e-17,3.1031e-10,0.23922,-1.0383e-13,-2.3722e-12,2.2593e-11,-1.0383e-13,-2.3722e-12,2.2593e-11,1,0.00029056,0,-0.0019794,0.199
0.011658,1.5494e-18,3.1863e-10,0.24264,1.3281e-17,3.1863e-10,0.24264,-1.0347e-13,-2.4087e-12,2.1557e-11,-1.0347e-13,-2.4087e-12,2.1557e-11,1,0.0002951,0,-0.0019749,0.199
0.011658,-1.4892e-18,3.2695e-10,0.24607,1.0122e-17,3.2695e-10,0.24607,-1.0311e-13,-2.4453e-12,2.0522e-11,-1.0311e-13,-2.4453e-12,2.0522e-11,1,0.00029964,0,-0.0019704,0.199
0.011658,-4.5278e-18,3.3526e-10,0.24949,6.964e-18,3.3526e-10,0.24949,-1.0275e-13,-2.4819e-12,1.9486e-11,-1.0275e-13,-2.4819e-12,1.9486e-11,1,0.00030418,0,-0.0019658,0.199
0.011658,-7.5664e-18,3.4358e-10,0.25292,3.8056e-18,3.4358e-10,0.25292,-1.0239e-13,-2.5184e-12,1.8451e-11,-1.0239e-13,-2.5184e-12,1.8451e-11,1,0.00030872,0,-0.0019613,0.199
0.011658,-1.0605e-17,3.519e-10,0.25634,6.4728e-19,3.519e-10,0.25634,-1.0203e-13,-2.555e-12,1.7416e-11,-1.0203e-13,-2.555e-12,1.7416e-11,1,0.00031326,0,-0.0019567,0.199
0.011658,-1.3644e-17,3.6022e-10,0.25977,-2.5112e-18,3.6022e-10,0.25977,-1.0167e-13,-2.5915e-12,1.638e-11,-1.0167e-13,-2.5915e-12,1.638e-11,1,0.0003178,0,-0.0019522,0.199
0.011658,-1.6682e-17,3.6853e-10,0.26319,-5.6696e-18,3.6853e-10,0.26319,-1.0131e-13,-2.6281e-12,1.5345e-11,-1.0131e-13,-2.6281e-12,1.5345e-11,1,0.00032234,0,-0.0019477,0.199
0.011658,-1.9721e-17,3.7685e-10,0.26662,-8.8279e-18,3.7685e-10,0.26662,-1.0095e-13,-2.6647e-12,1.4309e-11,-1.0095e-13,-2.6647e-12,1.4309e-11,1,0.00032688,0,-0.0019431,0.199
0.011658,-2.276e-17,3.8517e-10,0.27004,-1.1986e-17,3.8517e-10,0.27004,-1.0059e-13,-2.7012e-12,1.3274e-11,-1.0059e-13,-2.7012e-12,1.3274e-11,1,0.00033142,0,-0.0019386,0.199
0.011658,-2.5798e-17,3.9349e-10,0.27347,-1.5145e-17,3.9349e-10,0.27347,-1.0023e-13,-2.7378e-12,1.2238e-11,-1.0023e-13,-2.7378e-12,1.2238e-11,1,0.00033596,0,-0.001934,0.199
0.011658,-2.8837e-17,4.018e-10,0.27689,-1.8303e-17,4.018e-10,0.27689,-9.987e-14,-2.7743e-12,1.1203e-11,-9.987e-14,-2.7743e-12,1.1203e-11,1,0.0003405,0,-0.0019295,0.199
0.011658,-3.1875e-17,4.1012e-10,0.28032,-2.1461e-17,4.1012e-10,0.28032,-9.951e-14,-2.8109e-12,1.0167e-11,-9.951e-14,-2.8109e-12,1.0167e-11,1,0.00034504,0,-0.001925,0.199
0.011658,-3.4914e-17,4.1844e-10,0.28374,-2.462e-17,4.1844e-10,0.28374,-9.915e-14,-2.8475e-12,9.1318e-12,-9.915e-14,-2.8475e-12,9.1318e-12,1,0.00034958,0,-0.0019204,0.199
0.011658,-3.7953e-17,4.2676e-10,0.28717,-2.7778e-17,4.2676e-10,0.28717,-9.879e-14,-2.884e-12,8.0963e-12,-9.879e-14,-2.884e-12,8.0963e-12,1,0.00035412,0,-0.0019159,0.199
0.011658,-4.0991e-17,4.3508e-10,0.29059,-3.0937e-17,4.3508e-10,0.29059,-9.8429e-14,-2.9206e-12,7.0608e-12,-9.8429e-14,-2.9206e-12,7.0608e-12,1,0.00035866,0,-0.0019113,0.199
0.011658,-4.4011e-17,4.4339e-10,0.29402,-3.4076e-17,4.4339e-10,0.29402,-9.8069e-14,-2.9571e-12,6.0254e-12,-9.8069e-14,-2.9571e-12,6.0254e-12,1,0.0003632,0,-0.0019068,0.199
0.011658,-4.606e-17,4.5171e-10,0.29744,-3.6245e-17,4.5171e-10,0.29744,-9.7709e-14,-2.9937e-12,4.9899e-12,-9.7709e-14,-2.9937e-12,4.9899e-12,1,0.00036774,0,-0.0019023,0.199
0.011658,-5.0107e-17,4.6003e-10,0.30087,-4.0412e-17,4.6003e-10,0.30087,-9.7349e-14,-3.0302e-12,3.9545e-12,-9.7349e-14,-3.0302e-12,3.9545e-12,1,0.00037228,0,-0.0018977,0.199
0.011658,-5.3146e-17,4.6835e-10,0.30429,-4.357e-17,4.6835e-10,0.30429,-9.6988e-14,-3.0668e-12,2.919e-12,-9.6988e-14,-3.0668e-12,2.919e-12,1,0.00037682,0,-0.0018932,0.199
0.011658,-5.6184e-17,4.7666e-10,0.30772,-4.6728e-17,4.7666e-10,0.30772,-9.6628e-14,-3.1034e-12,1.8835e-12,-9.6628e-14,-3.1034e-12,1.8835e-12,1,0.00038136,0,-0.0018886,0.199
0.011658,-5.9223e-17,4.8498e-10,0.31114,-4.9887e-17,4.8498e-10,0.31114,-9.6268e-14,-3.1399e-12,8.4806e-13,-9.6268e-14,-3.1399e-12,8.4806e-13,1,0.0003859,0,-0.0018841,0.199
0.011658,-6.2262e-17,4.933e-10,0.31457,-5.3045e-17,4.933e-10,0.31457,-9.5908e-14,-3.1765e-12,-1.874e-13,-9.5908e-14,-3.1765e-12,-1.874e-13,1,0.00039044,0,-0.0018796,0.199
0.011658,-6.53e-17,5.0162e-10,0.31799,-5.6204e-17,5.0162e-10,0.31799,-9.5548e-14,-3.213e-12,-1.2229e-12,-9.5548e-14,-3.213e-12,-1.2229e-12,1,0.00039498,0,-0.001875,0.199
0.011658,-6.8339e-17,5.0993e-10,0.32142,-5.9362e-17,5.0993e-10,0.32142,-9.5187e-14,-3.2496e-12,-2.2583e-12,-9.5187e-14,-3.2496e-12,-2.2583e-12,1,0.00039952,0,-0.0018705,0.199
0.011658,-7.1377e-17,5.1825e-10,0.32484,-6.252e-17,5.1825e-10,0.32484,-9.4827e-14,-3.2862e-12,-3.2938e-12,-9.4827e-14,-3.2862e-12,-3.2938e-12,1,0.00040406,0,-0.0018659,0.199
0.011658,-7.4416e-17,5.2657e-10,0.32827,-6.5679e-17,5.2657e-10,0.32827,-9.4467e-14,-3.3227e-12,-4.3293e-12,-9.4467e-14,-3.3227e-12,-4.3293e-12,1,0.0004086,0,-0.0018614,0.199
0.011658,-7.7455e-17,5.3489e-10,0.33169,-6.8837e-17,5.3489e-10,0.33169,-9.4107e-14,-3.3593e-12,-5.3647e-12,-9.4107e-14,-3.3593e-12,-5.3647e-12,1,0.00041314,0,-0.0018569,0.199
0.011658,-8.0493e-17,5.432e-10,0.33512,-7.1995e-17,5.432e-10,0.33512,-9.3746e-14,-3.3958e-12,-6.4002e-12,-9.3746e-14,-3.3958e-12,-6.4002e-12,1,0.00041768,0,-0.0018523,0.199
0.011658,-8.3532e-17,5.5152e-10,0.33854,-7.5154e-17,5.5152e-10,0.33854,-9.3386e-14,-3.4324e-12,-7.4356e-12,-9.3386e-14,-3.4324e-12,-7.4356e-12,1,0.00042222,0,-0.0018478,0.199
0.011658,-8.6571e-17,5.5984e-10,0.34197,-7.8312e-17,5.5984e-10,0.34197,-9.3026e-14,-3.469e-12,-8.4711e-12,-9.3026e-14,-3.469e-12,-8.4711e-12,1,0.00042676,0,-0.0018432,0.199
0.011658,-8.9609e-17,5.6816e-10,0.34539,-8.1471e-17,5.6816e-10,0.34539,-9.2666e-14,-3.5055e-12,-9.5066e-12,-9.2666e-14,-3.5055e-12,-9.5066e-12,1,0.0004313,0,-0.0018387,0.199
0.011658,-9.2648e-17,5.7648e-10,0.34882,-8.4629e-17,5.7648e-10,0.34882,-9.2306e-14,-3.5421e-12,-1.0542e-11,-9.2306e-14,-3.5421e-12,-1.0542e-11,1,0.00043584,0,-0.0018342,0.199
0.011658,-9.5686e-17,5.8479e-10,0.35224,-8.7787e-17,5.8479e-10,0.35224,-9.1945e-14,-3.5786e-12,-1.1577e-11,-9.1945e-14,-3.5786e-12,-1.1577e-11,1,0.00044038,0,-0.0018296,0.199
0.011658,-9.8725e-17,5.9311e-10,0.35567,-9.0946e-17,5.9311e-10,0.35567,-9.1585e-14,-3.6152e-12,-1.2613e-11,-9.1585e-14,-3.6152e-12,-1.2613e-11,1,0.00044492,0,-0.0018251,0.199
0.011658,-1.0176e-16,6.0143e-10,0.35909,-9.4104e-17,6.0143e-10,0.35909,-9.1225e-14,-3.6517e-12,-1.3648e-11,-9.1225e-14,-3.6517e-12,-1.3648e-11,1,0.00044946,0,-0.0018205,0.199
0.011658,-1.048e-16,6.0975e-10,0.36252,-9.7262e-17,6.0975e-10,0.36252,-9.0865e-14,-3.6883e-12,-1.4684e-11,-9.0865e-14,-3.6883e-12,-1.4684e-11,1,0.000454,0,-0.001816,0.199
0.011658,-1.0784e-16,6.1806e-10,0.36594,-1.0042e-16,6.1806e-10,0.36594,-9.0504e-14,-3.7249e-12,-1.5719e-11,-9.0504e-14,-3.7249e-12,-1.5719e-11,1,0.00045854,0,-0.0018115,0.199
0.011658,-1.1088e-16,6.2638e-10,0.36937,-1.0358e-16,6.2638e-10,0.36937,-9.0144e-14,-3.7614e-12,-1.6755e-11,-9.0144e-14,-3.7614e-12,-1.6755e-11,1,0.00046308,0,-0.0018069,0.199
0.011658,-1.1392e-16,6.347e-10,0.37279,-1.0674e-16,6.347e-10,0.37279,-8.9784e-14,-3.798e-12,-1.779e-11,-8.9784e-14,-3.798e-12,-1.779e-11,1,0.00046762,0,-0.0018024,0.199
0.011658,-1.1696e-16,6.4302e-10,0.37622,-1.099e-16,6.4302e-10,0.37622,-8.9424e-14,-3.8345e-12,-1.8826e-11,-8.9424e-14,-3.8345e-12,-1.8826e-11,1,0.00047216,0,-0.0017978,0.199
0.011658,-1.2e-16,6.5133e-10,0.37964,-1.1305e-16,6.5133e-10,0.37964,-8.9064e-14,-3.8711e-12,-1.9861e-11,-8.9064e-14,-3.8711e-12,-1.9861e-11,1,0.0004767,0,-0.0017933,0.199
0.011658,-1.2303e-16,6.5965e-10,0.38307,-1.1621e-16,6.5965e-10,0.38307,-8.8703e-14,-3.9077e-12,-2.0897e-11,-8.8703e-14,-3.9077e-12,-2.0897e-11,1,0.00048124,0,-0.0017888,0.199
0.011658,-1.2537e-16,6.6861e-10,0.38643,-1.1887e-16,6.6861e-10,0.38643,-8.8178e-14,-3.9416e-12,-2.1953e-11,-8.8178e-14,-3.9416e-12,-2.1953e-11,1,0.00048578,0,-0.0017842,0.199
0.011658,-1.2423e-16,6.8062e-10,0.3895,-1.1902e-16,6.8062e-10,0.3895,-8.6859e-14,-3.963e-12,-2.3113e-11,-8.6859e-14,-3.963e-12,-2.3113e-11,1,0.00049032,0,-0.0017797,0.199
0.011658,-1.237e-16,6.9264e-10,0.39256,-1.1979e-16,6.9264e-10,0.39256,-8.5539e-14,-3.9844e-12,-2.4272e-11,-8.5539e-14,-3.9844e-12,-2.4272e-11,1,0.00049486,0,-0.0017751,0.199
0.011658,-1.2345e-16,7.0466e-10,0.39563,-1.2084e-16,7.0466e-10,0.39563,-8.422e-14,-4.0058e-12,-2.5432e-11,-8.422e-14,-4.0058e-12,-2.5432e-11,1,0.0004994,0,-0.0017706,0.199
0.011658,-1.2063e-16,7.1668e-10,0.3987,-1.1931e-16,7.1668e-10,0.3987,-8.2901e-14,-4.0272e-12,-2.6591e-11,-8.2901e-14,-4.0272e-12,-2.6591e-11,1,0.00050394,0,-0.0017661,0.199
0.011658,-1.1948e-16,7.287e-10,0.40176,-1.1946e-16,7.287e-10,0.40176,-8.1581e-14,-4.0486e-12,-2.7751e-11,-8.1581e-14,-4.0486e-12,-2.7751e-11,1,0.00050848,0,-0.0017615,0.199
0.011658,-1.1829e-16,7.4072e-10,0.40483,-1.1956e-16,7.4072e-10,0.40483,-8.0262e-14,-4.07e-12,-2.891e-11,-8.0262e-14,-4.07e-12,-2.891e-11,1,0.00051302,0,-0.001757,0.199
0.011658,-1.2561e-16,7.5274e-10,0.4079,-1.2818e-16,7.5274e-10,0.4079,-7.8942e-14,-4.0914e-12,-3.007e-11,-7.8942e-14,-4.0914e-12,-3.007e-11,1,0.00051756,0,-0.0017524,0.199
0.011658,-1.2274e-16,7.6475e-10,0.41097,-1.266e-16,7.6475e-10,0.41097,-7.7623e-14,-4.1128e-12,-3.1229e-11,-7.7623e-14,-4.1128e-12,-3.1229e-11,1,0.0005221,0,-0.0017479,0.199
0.011658,-1.173e-16,7.7677e-10,0.41403,-1.2245e-16,7.7677e-10,0.41403,-7.6304e-14,-4.1342e-12,-3.2389e-11,-7.6304e-14,-4.1342e-12,-3.2389e-11,1,0.00052664,0,-0.0017434,0.199
0.011658,-1.1354e-16,7.8879e-10,0.4171,-1.1999e-16,7.8879e-10,0.4171,-7.4984e-14,-4.1556e-12,-3.3548e-11,-7.4984e-14,-4.1556e-12,-3.3548e-11,1,0.00053118,0,-0.0017388,0.199
0.011658,-1.2462e-16,8.0081e-10,0.42017,-1.3236e-16,8.0081e-10,0.42017,-7.3665e-14,-4.177e-12,-3.4708e-11,-7.3665e-14,-4.177e-12,-3.4708e-11,1,0.00053572,0,-0.0017343,0.199
0.011658,-1.1229e-16,8.1283e-10,0.42323,-1.2134e-16,8.1283e-10,0.42323,-7.2345e-14,-4.1984e-12,-3.5867e-11,-7.2345e-14,-4.1984e-12,-3.5867e-11,1,0.00054026,0,-0.0017297,0.199
0.011658,-1.101e-16,8.2485e-10,0.4263,-1.2044e-16,8.2485e-10,0.4263,-7.1026e-14,-4.2198e-12,-3.7027e-11,-7.1026e-14,-4.2198e-12,-3.7027e-11,1,0.0005448,0,-0.0017252,0.199
0.011658,-1.0882e-16,8.3687e-10,0.42937,-1.2045e-16,8.3687e-10,0.42937,-6.9707e-14,-4.2412e-12,-3.8186e-11,-6.9707e-14,-4.2412e-12,-3.8186e-11,1,0.00054934,0,-0.0017207,0.199
0.011658,-1.0763e-16,8.4888e-10,0.43244,-1.2055e-16,8.4888e-10,0.43244,-6.8387e-14,-4.2627e-12,-3.9346e-11,-6.8387e-14,-4.2627e-12,-3.9346e-11,1,0.00055388,0,-0.0017161,0.199
0.011658,-1.0645e-16,8.609e-10,0.4355,-1.2067e-16,8.609e-10,0.4355,-6.7068e-14,-4.2841e-12,-4.0505e-11,-6.7068e-14,-4.2841e-12,-4.0505e-11,1,0.00055842,0,-0.0017116,0.199
0.011658,-1.3364e-16,8.7292e-10,0.43857,-1.4915e-16,8.7292e-10,0.43857,-6.5748e-14,-4.3055e-12,-4.1665e-11,-6.5748e-14,-4.3055e-12,-4.1665e-11,1,0.00056296,0,-0.001707,0.199
0.011658,-1.1451e-16,8.8494e-10,0.44164,-1.3132e-16,8.8494e-10,0.44164,-6.4429e-14,-4.3269e-12,-4.2824e-11,-6.4429e-14,-4.3269e-12,-4.2824e-11,1,0.0005675,0,-0.0017025,0.199
0.011658,-1.0661e-16,8.9696e-10,0.4447,-1.2472e-16,8.9696e-10,0.4447,-6.311e-14,-4.3483e-12,-4.3984e-11,-6.311e-14,-4.3483e-12,-4.3984e-11,1,0.00057204,0,-0.001698,0.199
0.011658,-1.0299e-16,9.0898e-10,0.44777,-1.2239e-16,9.0898e-10,0.44777,-6.179e-14,-4.3697e-12,-4.5143e-11,-6.179e-14,-4.3697e-12,-4.5143e-11,1,0.00057658,0,-0.0016934,0.199
0.011658,-1.0095e-16,9.21e-10,0.45084,-1.2164e-16,9.21e-10,0.45084,-6.0471e-14,-4.3911e-12,-4.6303e-11,-6.0471e-14,-4.3911e-12,-4.6303e-11,1,0.00058112,0,-0.0016889,0.199
0.011658,-9.9479e-17,9.3301e-10,0.4539,-1.2147e-16,9.3301e-10,0.4539,-5.9151e-14,-4.4125e-12,-4.7462e-11,-5.9151e-14,-4.4125e-12,-4.7462e-11,1,0.00058566,0,-0.0016843,0.199
0.011658,-9.8209e-17,9.4503e-10,0.45697,-1.215e-16,9.4503e-10,0.45697,-5.7832e-14,-4.4339e-12,-4.8622e-11,-5.7832e-14,-4.4339e-12,-4.8622e-11,1,0.0005902,0,-0.0016798,0.199
0.011658,-9.7003e-17,9.5705e-10,0.46004,-1.2158e-16,9.5705e-10,0.46004,-5.6513e-14,-4.4553e-12,-4.9781e-11,-5.6513e-14,-4.4553e-12,-4.9781e-11,1,0.00059474,0,-0.0016753,0.199
0.011658,-9.5816e-17,9.6907e-10,0.46311,-1.2169e-16,9.6907e-10,0.46311,-5.5193e-14,-4.4767e-12,-5.0941e-11,-5.5193e-14,-4.4767e-12,-5.0941e-11,1,0.00059928,0,-0.0016707,0.199
0.011658,-9.4633e-17,9.8109e-10,0.46617,-1.218e-16,9.8109e-10,0.46617,-5.3874e-14,-4.4981e-12,-5.21e-11,-5.3874e-14,-4.4981e-12,-5.21e-11,1,0.00060382,0,-0.0016662,0.199
0.011658,-9.3451e-17,9.9311e-10,0.46924,-1.2192e-16,9.9311e-10,0.46924,-5.2554e-14,-4.5195e-12,-5.326e-11,-5.2554e-14,-4.5195e-12,-5.326e-11,1,0.00060836,0,-0.0016616,0.199
0.011658,-1.0711e-16,1.0051e-09,0.47231,-1.3687e-16,1.0051e-09,0.47231,-5.1235e-14,-4.5409e-12,-5.4419e-11,-5.1235e-14,-4.5409e-12,-5.4419e-11,1,0.0006129,0,-0.0016571,0.199
0.011658,-9.2602e-17,1.0171e-09,0.47537,-1.2366e-16,1.0171e-09,0.47537,-4.9916e-14,-4.5623e-12,-5.5579e-11,-4.9916e-14,-4.5623e-12,-5.5579e-11,1,0.00061744,0,-0.0016526,0.199
0.011658,-8.9914e-17,1.0292e-09,0.47844,-1.2226e-16,1.0292e-09,0.47844,-4.8596e-14,-4.5837e-12,-5.6738e-11,-4.8596e-14,-4.5837e-12,-5.6738e-11,1,0.00062198,0,-0.001648,0.199
0.011658,-8.8797e-17,1.0412e-09,0.48151,-1.2244e-16,1.0412e-09,0.48151,-4.7277e-14,-4.6051e-12,-5.7898e-11,-4.7277e-14,-4.6051e-12,-5.7898e-11,1,0.00062652,0,-0.0016435,0.199
0.011658,-9.034e-17,1.0532e-09,0.48458,-1.2528e-16,1.0532e-09,0.48458,-4.5957e-14,-4.6265e-12,-5.9057e-11,-4.5957e-14,-4.6265e-12,-5.9057e-11,1,0.00063106,0,-0.0016389,0.199
0.011658,-1.0391e-16,1.0652e-09,0.48764,-1.4014e-16,1.0652e-09,0.48764,-4.4638e-14,-4.6479e-12,-6.0217e-11,-4.4638e-14,-4.6479e-12,-6.0217e-11,1,0.0006356,0,-0.0016344,0.199
0.011658,-8.5182e-17,1.0772e-09,0.49071,-1.2271e-16,1.0772e-09,0.49071,-4.3319e-14,-4.6693e-12,-6.1376e-11,-4.3319e-14,-4.6693e-12,-6.1376e-11,1,0.00064014,0,-0.0016299,0.199
0.011658,-8.4001e-17,1.0893e-09,0.49378,-1.2283e-16,1.0893e-09,0.49378,-4.1999e-14,-4.6907e-12,-6.2536e-11,-4.1999e-14,-4.6907e-12,-6.2536e-11,1,0.00064468,0,-0.0016253,0.199
0.011658,-8.2819e-17,1.1013e-09,0.49684,-1.2294e-16,1.1013e-09,0.49684,-4.068e-14,-4.7121e-12,-6.3695e-11,-4.068e-14,-4.7121e-12,-6.3695e-11,1,0.00064922,0,-0.0016208,0.199
0.011658,-8.1639e-17,1.1133e-09,0.49991,-1.2305e-16,1.1133e-09,0.49991,-3.936e-14,-4.7335e-12,-6.4855e-11,-3.936e-14,-4.7335e-12,-6.4855e-11,1,0.00065376,0,-0.0016162,0.199
0.011658,-8.0458e-17,1.1253e-09,0.50298,-1.2317e-16,1.1253e-09,0.50298,-3.8041e-14,-4.7549e-12,-6.6014e-11,-3.8041e-14,-4.7549e-12,-6.6014e-11,1,0.0006583,0,-0.0016117,0.199
0.011658,-7.9279e-17,1.1373e-09,0.50604,-1.2329e-16,1.1373e-09,0.50604,-3.6722e-14,-4.7763e-12,-6.7174e-11,-3.6722e-14,-4.7763e-12,-6.7174e-11,1,0.00066284,0,-0.0016072,0.199
0.011658,-7.8102e-17,1.1493e-09,0.50911,-1.234e-16,1.1493e-09,0.50911,-3.5402e-14,-4.7977e-12,-6.8333e-11,-3.5402e-14,-4.7977e-12,-6.8333e-11,1,0.00066738,0,-0.0016026,0.199
0.011658,-7.6928e-17,1.1614e-09,0.51218,-1.2352e-16,1.1614e-09,0.51218,-3.4083e-14,-4.8191e-12,-6.9493e-11,-3.4083e-14,-4.8191e-12,-6.9493e-11,1,0.00067192,0,-0.0015981,0.199
0.011658,-7.5758e-17,1.1734e-09,0.51525,-1.2365e-16,1.1734e-09,0.51525,-3.2763e-14,-4.8405e-12,-7.0652e-11,-3.2763e-14,-4.8405e-12,-7.0652e-11,1,0.00067646,0,-0.0015935,0.199
0.011658,-7.4595e-17,1.1854e-09,0.51831,-1.2378e-16,1.1854e-09,0.51831,-3.1444e-14,-4.8619e-12,-7.1812e-11,-3.1444e-14,-4.8619e-12,-7.1812e-11,1,0.000681,0,-0.001589,0.199
0.011658,-7.344e-17,1.1974e-09,0.52138,-1.2392e-16,1.1974e-09,0.52138,-3.0125e-14,-4.8833e-12,-7.2971e-11,-3.0125e-14,-4.8833e-12,-7.2971e-11,1,0.00068554,0,-0.0015845,0.199
0.011658,-7.2296e-17,1.2094e-09,0.52445,-1.2407e-16,1.2094e-09,0.52445,-2.8805e-14,-4.9047e-12,-7.413e-11,-2.8805e-14,-4.9047e-12,-7.413e-11,1,0.00069008,0,-0.0015799,0.199
0.011658,-7.1167e-17,1.2215e-09,0.52751,-1.2424e-16,1.2215e-09,0.52751,-2.7486e-14,-4.9261e-12,-7.529e-11,-2.7486e-14,-4.9261e-12,-7.529e-11,1,0.00069462,0,-0.0015754,0.199
0.011658,-7.0056e-17,1.2335e-09,0.53058,-1.2442e-16,1.2335e-09,0.53058,-2.6166e-14,-4.9475e-12,-7.6449e-11,-2.6166e-14,-4.9475e-12,-7.6449e-11,1,0.00069916,0,-0.0015708,0.199
0.011658,-6.8966e-17,1.2455e-09,0.53365,-1.2463e-16,1.2455e-09,0.53365,-2.4847e-14,-4.9689e-12,-7.7609e-11,-2.4847e-14,-4.9689e-12,-7.7609e-11,1,0.0007037,0,-0.0015663,0.199
0.011658,-6.7903e-17,1.2575e-09,0.53672,-1.2486e-16,1.2575e-09,0.53672,-2.3528e-14,-4.9903e-12,-7.8768e-11,-2.3528e-14,-4.9903e-12,-7.8768e-11,1,0.00070824,0,-0.0015618,0.199
0.011658,-6.687e-17,1.2695e-09,0.53978,-1.2512e-16,1.2695e-09,0.53978,-2.2208e-14,-5.0117e-12,-7.9928e-11,-2.2208e-14,-5.0117e-12,-7.9928e-11,1,0.00071278,0,-0.0015572,0.199
0.011658,-6.5874e-17,1.2816e-09,0.54285,-1.2542e-16,1.2816e-09,0.54285,-2.0889e-14,-5.0331e-12,-8.1087e-11,-2.0889e-14,-5.0331e-12,-8.1087e-11,1,0.00071732,0,-0.0015527,0.199
0.011658,-6.4919e-17,1.2936e-09,0.54592,-1.2576e-16,1.2936e-09,0.54592,-1.9569e-14,-5.0545e-12,-8.2247e-11,-1.9569e-14,-5.0545e-12,-8.2247e-11,1,0.00072186,0,-0.0015481,0.199
0.011658,9.8609e-13,1.3057e-09,0.54899,9.8603e-13,1.3057e-09,0.54899,-1.9661e-14,-5.0761e-12,-8.3407e-11,-1.9661e-14,-5.0761e-12,-8.3407e-11,1,0.0007264,0,-0.0015436,0.199
0.011658,-6.1563e-17,1.3187e-09,0.55202,-1.2401e-16,1.3187e-09,0.55202,-1.4562e-14,-5.0842e-12,-8.4555e-11,-1.4562e-14,-5.0842e-12,-8.4555e-11,1,0.00073094,0,-0.0015391,0.199
0.011658,-6.0394e-17,1.3322e-09,0.55504,-1.2284e-16,1.3322e-09,0.55504,-1.0118e-14,-5.0883e-12,-8.57e-11,-1.0118e-14,-5.0883e-12,-8.57e-11,1,0.00073548,0,-0.0015345,0.199
0.011658,-5.9225e-17,1.3457e-09,0.55806,-1.2168e-16,1.3457e-09,0.55806,-5.673e-15,-5.0924e-12,-8.6845e-11,-5.673e-15,-5.0924e-12,-8.6845e-11,1,0.00074002,0,-0.00153,0.199
0.011658,-5.8056e-17,1.3592e-09,0.56108,-1.2051e-16,1.3592e-09,0.56108,-1.2284e-15,-5.0965e-12,-8.799e-11,-1.2284e-15,-5.0965e-12,-8.799e-11,1,0.00074456,0,-0.0015254,0.199
0.011658,-5.6887e-17,1.3727e-09,0.5641,-1.1934e-16,1.3727e-09,0.5641,3.2163e-15,-5.1006e-12,-8.9135e-11,3.2163e-15,-5.1006e-12,-8.9135e-11,1,0.0007491,0,-0.0015209,0.199
0.011658,-5.5718e-17,1.3862e-09,0.56713,-1.1817e-16,1.3862e-09,0.56713,7.661e-15,-5.1047e-12,-9.028e-11,7.661e-15,-5.1047e-12,-9.028e-11,1,0.00075364,0,-0.0015164,0.199
0.011658,-5.4549e-17,1.3996e-09,0.57015,-1.17e-16,1.3996e-09,0.57015,1.2106e-14,-5.1088e-12,-9.1425e-11,1.2106e-14,-5.1088e-12,-9.1425e-11,1,0.00075818,0,-0.0015118,0.199
0.011658,-5.338e-17,1.4131e-09,0.57317,-1.1583e-16,1.4131e-09,0.57317,1.655e-14,-5.1129e-12,-9.257e-11,1.655e-14,-5.1129e-12,-9.257e-11,1,0.00076272,0,-0.0015073,0.199
0.011658,-5.2211e-17,1.4266e-09,0.57619,-1.1466e-16,1.4266e-09,0.57619,2.0995e-14,-5.117e-12,-9.3715e-11,2.0995e-14,-5.117e-12,-9.3715e-11,1,0.00076726,0,-0.0015027,0.199
0.011658,-5.1041e-17,1.4401e-09,0.57921,-1.1349e-16,1.4401e-09,0.57921,2.544e-14,-5.1211e-12,-9.4859e-11,2.544e-14,-5.1211e-12,-9.4859e-11,1,0.0007718,0,-0.0014982,0.199
0.011658,-4.9872e-17,1.4536e-09,0.58223,-1.1232e-16,1.4536e-09,0.58223,2.9885e-14,-5.1252e-12,-9.6004e-11,2.9885e-14,-5.1252e-12,-9.6004e-11,1,0.00077634,0,-0.0014937,0.199
0.011658,-4.8703e-17,1.4671e-09,0.58526,-1.1115e-16,1.4671e-09,0.58526,3.4329e-14,-5.1293e-12,-9.7149e-11,3.4329e-14,-5.1293e-12,-9.7149e-11,1,0.00078088,0,-0.0014891,0.199
0.011658,-4.7534e-17,1.4806e-09,0.58828,-1.0998e-16,1.4806e-09,0.58828,3.8774e-14,-5.1334e-12,-9.8294e-11,3.8774e-14,-5.1334e-12,-9.8294e-11,1,0.00078542,0,-0.0014846,0.199
0.011658,-4.6365e-17,1.4941e-09,0.5913,-1.0881e-16,1.4941e-09,0.5913,4.3219e-14,-5.1375e-12,-9.9439e-11,4.3219e-14,-5.1375e-12,-9.9439e-11,1,0.00078996,0,-0.00148,0.199
0.011658,-4.5196e-17,1.5075e-09,0.59432,-1.0765e-16,1.5075e-09,0.59432,4.7663e-14,-5.1415e-12,-1.0058e-10,4.7663e-14,-5.1415e-12,-1.0058e-10,1,0.0007945,0,-0.0014755,0.199
0.011658,-4.4027e-17,1.521e-09,0.59734,-1.0648e-16,1.521e-09,0.59734,5.2108e-14,-5.1456e-12,-1.0173e-10,5.2108e-14,-5.1456e-12,-1.0173e-10,1,0.00079904,0,-0.001471,0.199
0.011658,-4.2857e-17,1.5345e-09,0.60037,-1.0531e-16,1.5345e-09,0.60037,5.6553e-14,-5.1497e-12,-1.0287e-10,5.6553e-14,-5.1497e-12,-1.0287e-10,1,0.00080358,0,-0.0014664,0.199
0.011658,-4.1688e-17,1.548e-09,0.60339,-1.0414e-16,1.548e-09,0.60339,6.0998e-14,-5.1538e-12,-1.0402e-10,6.0998e-14,-5.1538e-12,-1.0402e-10,1,0.00080812,0,-0.0014619,0.199
0.011658,-4.0519e-17,1.5615e-09,0.60641,-1.0297e-16,1.5615e-09,0.60641,6.5442e-14,-5.1579e-12,-1.0516e-10,6.5442e-14,-5.1579e-12,-1.0516e-10,1,0.00081266,0,-0.0014573,0.199
0.011658,-3.935e-17,1.575e-09,0.60943,-1.018e-16,1.575e-09,0.60943,6.9887e-14,-5.162e-12,-1.0631e-10,6.9887e-14,-5.162e-12,-1.0631e-10,1,0.0008172,0,-0.0014528,0.199
0.011658,-3.8181e-17,1.5885e-09,0.61245,-1.0063e-16,1.5885e-09,0.61245,7.4332e-14,-5.1661e-12,-1.0745e-10,7.4332e-14,-5.1661e-12,-1.0745e-10,1,0.00082174,0,-0.0014483,0.199
0.011658,-3.7012e-17,1.602e-09,0.61547,-9.9462e-17,1.602e-09,0.61547,7.8776e-14,-5.1702e-12,-1.086e-10,7.8776e-14,-5.1702e-12,-1.086e-10,1,0.00082628,0,-0.0014437,0.199
0.011658,-3.5842e-17,1.6154e-09,0.6185,-9.8293e-17,1.6154e-09,0.6185,8.3221e-14,-5.1743e-12,-1.0974e-10,8.3221e-14,-5.1743e-12,-1.0974e-10,1,0.00083082,0,-0.0014392,0.199
0.011658,-3.4673e-17,1.6289e-09,0.62152,-9.7123e-17,1.6289e-09,0.62152,8.7666e-14,-5.1784e-12,-1.1089e-10,8.7666e-14,-5.1784e-12,-1.1089e-10,1,0.00083536,0,-0.0014346,0.199
0.011658,-3.3504e-17,1.6424e-09,0.62454,-9.5954e-17,1.6424e-09,0.62454,9.2111e-14,-5.1825e-12,-1.1203e-10,9.2111e-14,-5.1825e-12,-1.1203e-10,1,0.0008399,0,-0.0014301,0.199
0.011658,-3.2335e-17,1.6559e-09,0.62756,-9.4785e-17,1.6559e-09,0.62756,9.6555e-14,-5.1866e-12,-1.1318e-10,9.6555e-14,-5.1866e-12,-1.1318e-10,1,0.00084444,0,-0.0014256,0.199
0.011658,-3.1139e-17,1.6694e-09,0.63058,-9.3589e-17,1.6694e-09,0.63058,1.01e-13,-5.1907e-12,-1.1432e-10,1.01e-13,-5.1907e-12,-1.1432e-10,1,0.00084898,0,-0.001421,0.199
0.011658,-2.9997e-17,1.6829e-09,0.63361,-9.2447e-17,1.6829e-09,0.63361,1.0544e-13,-5.1948e-12,-1.1547e-10,1.0544e-13,-5.1948e-12,-1.1547e-10,1,0.00085352,0,-0.0014165,0.199
0.011658,-2.8827e-17,1.6964e-09,0.63663,-9.1278e-17,1.6964e-09,0.63663,1.0989e-13,-5.1989e-12,-1.1661e-10,1.0989e-13,-5.1989e-12,-1.1661e-10,1,0.00085806,0,-0.0014119,0.199
0.011658,-2.7658e-17,1.7099e-09,0.63965,-9.0108e-17,1.7099e-09,0.63965,1.1433e-13,-5.2029e-12,-1.1776e-10,1.1433e-13,-5.2029e-12,-1.1776e-10,1,0.0008626,0,-0.0014074,0.199
0.011658,-2.6489e-17,1.7234e-09,0.64267,-8.8939e-17,1.7234e-09,0.64267,1.1878e-13,-5.207e-12,-1.189e-10,1.1878e-13,-5.207e-12,-1.189e-10,1,0.00086714,0,-0.0014029,0.199
0.011658,-2.532e-17,1.7368e-09,0.64569,-8.777e-17,1.7368e-09,0.64569,1.2322e-13,-5.2111e-12,-1.2005e-10,1.2322e-13,-5.2111e-12,-1.2005e-10,1,0.00087168,0,-0.0013983,0.199
0.011658,-2.4151e-17,1.7503e-09,0.64871,-8.6601e-17,1.7503e-09,0.64871,1.2767e-13,-5.2152e-12,-1.2119e-10,1.2767e-13,-5.2152e-12,-1.2119e-10,1,0.00087622,0,-0.0013938,0.199
0.011658,-2.2982e-17,1.7638e-09,0.65174,-8.5432e-17,1.7638e-09,0.65174,1.3211e-13,-5.2193e-12,-1.2234e-10,1.3211e-13,-5.2193e-12,-1.2234e-10,1,0.00088076,0,-0.0013892,0.199
0.011658,-2.1812e-17,1.7773e-09,0.65476,-8.4263e-17,1.7773e-09,0.65476,1.3656e-13,-5.2234e-12,-1.2348e-10,1.3656e-13,-5.2234e-12,-1.2348e-10,1,0.0008853,0,-0.0013847,0.199
0.011658,-2.0643e-17,1.7908e-09,0.65778,-8.3093e-17,1.7908e-09,0.65778,1.41e-13,-5.2275e-12,-1.2463e-10,1.41e-13,-5.2275e-12,-1.2463e-10,1,0.00088984,0,-0.0013802,0.199
0.011658,-1.9474e-17,1.8043e-09,0.6608,-8.1924e-17,1.8043e-09,0.6608,1.4545e-13,-5.2316e-12,-1.2577e-10,1.4545e-13,-5.2316e-12,-1.2577e-10,1,0.00089438,0,-0.0013756,0.199
0.011658,-1.8305e-17,1.8178e-09,0.66382,-8.0755e-17,1.8178e-09,0.66382,1.4989e-13,-5.2357e-12,-1.2692e-10,1.4989e-13,-5.2357e-12,-1.2692e-10,1,0.00089892,0,-0.0013711,0.199
0.011658,-1.7136e-17,1.8313e-09,0.66685,-7.9586e-17,1.8313e-09,0.66685,1.5434e-13,-5.2398e-12,-1.2806e-10,1.5434e-13,-5.2398e-12,-1.2806e-10,1,0.00090346,0,-0.0013665,0.199
0.011658,-1.5967e-17,1.8447e-09,0.66987,-7.8417e-17,1.8447e-09,0.66987,1.5878e-13,-5.2439e-12,-1.2921e-10,1.5878e-13,-5.2439e-12,-1.2921e-10,1,0.000908,0,-0.001362,0.199
0.011658,-1.4797e-17,1.8582e-09,0.67289,-7.7247e-17,1.8582e-09,0.67289,1.6323e-13,-5.248e-12,-1.3035e-10,1.6323e-13,-5.248e-12,-1.3035e-10,1,0.00091254,0,-0.0013575,0.199
0.011658,-1.3628e-17,1.8717e-09,0.67591,-7.6078e-17,1.8717e-09,0.67591,1.6767e-13,-5.2521e-12,-1.315e-10,1.6767e-13,-5.2521e-12,-1.315e-10,1,0.00091708,0,-0.0013529,0.199
0.011658,-1.2459e-17,1.8852e-09,0.67893,-7.4909e-17,1.8852e-09,0.67893,1.7212e-13,-5.2562e-12,-1.3264e-10,1.7212e-13,-5.2562e-12,-1.3264e-10,1,0.00092162,0,-0.0013484,0.199
0.011658,-1.129e-17,1.8987e-09,0.68195,-7.374e-17,1.8987e-09,0.68195,1.7656e-13,-5.2603e-12,-1.3379e-10,1.7656e-13,-5.2603e-12,-1.3379e-10,1,0.00092616,0,-0.0013438,0.199
0.011658,-1.012e-17,1.9122e-09,0.68498,-7.257e-17,1.9122e-09,0.68498,1.81e-13,-5.2643e-12,-1.3493e-10,1.81e-13,-5.2643e-12,-1.3493e-10,1,0.0009307,0,-0.0013393,0.199
0.011658,-8.9511e-18,1.9257e-09,0.688,-7.1401e-17,1.9257e-09,0.688,1.8545e-13,-5.2684e-12,-1.3608e-10,1.8545e-13,-5.2684e-12,-1.3608e-10,1,0.00093524,0,-0.0013348,0.199
0.011658,-7.7819e-18,1.9392e-09,0.69102,-7.0232e-17,1.9392e-09,0.69102,1.8989e-13,-5.2725e-12,-1.3722e-10,1.8989e-13,-5.2725e-12,-1.3722e-10,1,0.00093978,0,-0.0013302,0.199
0.011658,-6.6126e-18,1.9526e-09,0.69404,-6.9063e-17,1.9526e-09,0.69404,1.9434e-13,-5.2766e-12,-1.3837e-10,1.9434e-13,-5.2766e-12,-1.3837e-10,1,0.00094432,0,-0.0013257,0.199
0.011658,-5.4432e-18,1.9661e-09,0.69706,-6.7893e-17,1.9661e-09,0.69706,1.9878e-13,-5.2807e-12,-1.3951e-10,1.9878e-13,-5.2807e-12,-1.3951e-10,1,0.00094886,0,-0.0013211,0.199
0.011658,-4.2739e-18,1.9796e-09,0.70009,-6.6724e-17,1.9796e-09,0.70009,2.0323e-13,-5.2848e-12,-1.4066e-10,2.0323e-13,-5.2848e-12,-1.4066e-10,1,0.0009534,0,-0.0013166,0.199
0.011658,-3.1045e-18,1.9931e-09,0.70311,-6.5555e-17,1.9931e-09,0.70311,2.0767e-13,-5.2889e-12,-1.418e-10,2.0767e-13,-5.2889e-12,-1.418e-10,1,0.00095794,0,-0.0013121,0.199
0.011658,-1.9351e-18,2.0066e-09,0.70613,-6.4385e-17,2.0066e-09,0.70613,2.1212e-13,-5.293e-12,-1.4295e-10,2.1212e-13,-5.293e-12,-1.4295e-10,1,0.00096248,0,-0.0013075,0.199
0.011658,-7.6558e-19,2.0201e-09,0.70915,-6.3216e-17,2.0201e-09,0.70915,2.1656e-13,-5.2971e-12,-1.4409e-10,2.1656e-13,-5.2971e-12,-1.4409e-10,1,0.00096702,0,-0.001303,0.199
0.011658,-3.1364e-19,2.0314e-09,0.7119,-6.2445e-17,2.0314e-09,0.7119,2.1962e-13,-5.2974e-12,-1.4514e-10,2.1962e-13,-5.2974e-12,-1.4514e-10,1,0.00097156,0,-0.0012984,0.199
0.011658,-1.2412e-18,2.0385e-09,0.71412,-6.2446e-17,2.0385e-09,0.71412,2.2002e-13,-5.2903e-12,-1.46e-10,2.2002e-13,-5.2903e-12,-1.46e-10,1,0.0009761,0,-0.0012939,0.199
0.011658,-2.1688e-18,2.0457e-09,0.71634,-6.2446e-17,2.0457e-09,0.71634,2.2041e-13,-5.2833e-12,-1.4687e-10,2.2041e-13,-5.2833e-12,-1.4687e-10,1,0.00098064,0,-0.0012894,0.199
0.011658,-3.0963e-18,2.0529e-09,0.71856,-6.2447e-17,2.0529e-09,0.71856,2.2081e-13,-5.2762e-12,-1.4773e-10,2.2081e-13,-5.2762e-12,-1.4773e-10,1,0.00098518,0,-0.0012848,0.199
0.011658,-4.0237e-18,2.06e-09,0.72078,-6.2447e-17,2.06e-09,0.72078,2.2121e-13,-5.2692e-12,-1.4859e-10,2.2121e-13,-5.2692e-12,-1.4859e-10,1,0.00098972,0,-0.0012803,0.199
0.011658,-4.9511e-18,2.0672e-09,0.72301,-6.2447e-17,2.0672e-09,0.72301,2.2161e-13,-5.2621e-12,-1.4945e-10,2.2161e-13,-5.2621e-12,-1.4945e-10,1,0.00099426,0,-0.0012757,0.199
0.011658,-5.8785e-18,2.0743e-09,0.72523,-6.2448e-17,2.0743e-09,0.72523,2.2201e-13,-5.2551e-12,-1.5032e-10,2.2201e-13,-5.2551e-12,-1.5032e-10,1,0.0009988,0,-0.0012712,0.199
0.011658,-6.8058e-18,2.0815e-09,0.72745,-6.2448e-17,2.0815e-09,0.72745,2.2241e-13,-5.248e-12,-1.5118e-10,2.2241e-13,-5.248e-12,-1.5118e-10,1,0.0010033,0,-0.0012667,0.199
0.011658,-7.7331e-18,2.0887e-09,0.72967,-6.2448e-17,2.0887e-09,0.72967,2.2281e-13,-5.241e-12,-1.5204e-10,2.2281e-13,-5.241e-12,-1.5204e-10,1,0.0010079,0,-0.0012621,0.199
0.011658,-8.6604e-18,2.0958e-09,0.73189,-6.2449e-17,2.0958e-09,0.73189,2.232e-13,-5.2339e-12,-1.529e-10,2.232e-13,-5.2339e-12,-1.529e-10,1,0.0010124,0,-0.0012576,0.199
0.011658,-9.5877e-18,2.103e-09,0.73412,-6.2449e-17,2.103e-09,0.73412,2.236e-13,-5.2269e-12,-1.5377e-10,2.236e-13,-5.2269e-12,-1.5377e-10,1,0.001017,0,-0.001253,0.199
0.011658,-1.0515e-17,2.1101e-09,0.73634,-6.2449e-17,2.1101e-09,0.73634,2.24e-13,-5.2198e-12,-1.5463e-10,2.24e-13,-5.2198e-12,-1.5463e-10,1,0.0010215,0,-0.0012485,0.199
0.011658,-1.1442e-17,2.1173e-09,0.73856,-6.2449e-17,2.1173e-09,0.73856,2.244e-13,-5.2128e-12,-1.5549e-10,2.244e-13,-5.2128e-12,-1.5549e-10,1,0.001026,0,-0.001244,0.199
0.011658,-1.2369e-17,2.1244e-09,0.74078,-6.2449e-17,2.1244e-09,0.74078,2.248e-13,-5.2057e-12,-1.5636e-10,2.248e-13,-5.2057e-12,-1.5636e-10,1,0.0010306,0,-0.0012394,0.199
0.011658,-1.3296e-17,2.1316e-09,0.743,-6.2449e-17,2.1316e-09,0.743,2.252e-13,-5.1987e-12,-1.5722e-10,2.252e-13,-5.1987e-12,-1.5722e-10,1,0.0010351,0,-0.0012349,0.199
0.011658,-1.4224e-17,2.1388e-09,0.74522,-6.245e-17,2.1388e-09,0.74522,2.256e-13,-5.1916e-12,-1.5808e-10,2.256e-13,-5.1916e-12,-1.5808e-10,1,0.0010397,0,-0.0012303,0.199
0.011658,-1.5151e-17,2.1459e-09,0.74745,-6.245e-17,2.1459e-09,0.74745,2.2599e-13,-5.1846e-12,-1.5894e-10,2.2599e-13,-5.1846e-12,-1.5894e-10,1,0.0010442,0,-0.0012258,0.199
0.011658,-1.6078e-17,2.1531e-09,0.74967,-6.245e-17,2.1531e-09,0.74967,2.2639e-13,-5.1775e-12,-1.5981e-10,2.2639e-13,-5.1775e-12,-1.5981e-10,1,0.0010487,0,-0.0012213,0.199
0.011658,-1.7005e-17,2.1602e-09,0.75189,-6.245e-17,2.1602e-09,0.75189,2.2679e-13,-5.1705e-12,-1.6067e-10,2.2679e-13,-5.1705e-12,-1.6067e-10,1,0.0010533,0,-0.0012167,0.199
0.011658,-1.7932e-17,2.1674e-09,0.75411,-6.245e-17,2.1674e-09,0.75411,2.2719e-13,-5.1634e-12,-1.6153e-10,2.2719e-13,-5.1634e-12,-1.6153e-10,1,0.0010578,0,-0.0012122,0.199
0.011658,-1.8859e-17,2.1745e-09,0.75633,-6.245e-17,2.1745e-09,0.75633,2.2759e-13,-5.1564e-12,-1.6239e-10,2.2759e-13,-5.1564e-12,-1.6239e-10,1,0.0010624,0,-0.0012076,0.199
0.011658,-1.9786e-17,2.1817e-09,0.75856,-6.245e-17,2.1817e-09,0.75856,2.2799e-13,-5.1493e-12,-1.6326e-10,2.2799e-13,-5.1493e-12,-1.6326e-10,1,0.0010669,0,-0.0012031,0.199
0.011658,-2.0713e-17,2.1889e-09,0.76078,-6.245e-17,2.1889e-09,0.76078,2.2839e-13,-5.1423e-12,-1.6412e-10,2.2839e-13,-5.1423e-12,-1.6412e-10,1,0.0010714,0,-0.0011986,0.199
0.011658,-2.164e-17,2.196e-09,0.763,-6.245e-17,2.196e-09,0.763,2.2878e-13,-5.1352e-12,-1.6498e-10,2.2878e-13,-5.1352e-12,-1.6498e-10,1,0.001076,0,-0.001194,0.199
0.011658,-2.2567e-17,2.2032e-09,0.76522,-6.245e-17,2.2032e-09,0.76522,2.2918e-13,-5.1282e-12,-1.6584e-10,2.2918e-13,-5.1282e-12,-1.6584e-10,1,0.0010805,0,-0.0011895,0.199
0.011658,-2.3494e-17,2.2103e-09,0.76744,-6.245e-17,2.2103e-09,0.76744,2.2958e-13,-5.1211e-12,-1.6671e-10,2.2958e-13,-5.1211e-12,-1.6671e-10,1,0.0010851,0,-0.0011849,0.199
0.011658,-2.4421e-17,2.2175e-09,0.76966,-6.245e-17,2.2175e-09,0.76966,2.2998e-13,-5.1141e-12,-1.6757e-10,2.2998e-13,-5.1141e-12,-1.6757e-10,1,0.0010896,0,-0.0011804,0.199
0.011658,-2.5348e-17,2.2247e-09,0.77189,-6.245e-17,2.2247e-09,0.77189,2.3038e-13,-5.107e-12,-1.6843e-10,2.3038e-13,-5.107e-12,-1.6843e-10,1,0.0010941,0,-0.0011759,0.199
0.011658,-2.6275e-17,2.2318e-09,0.77411,-6.245e-17,2.2318e-09,0.77411,2.3078e-13,-5.1e-12,-1.693e-10,2.3078e-13,-5.1e-12,-1.693e-10,1,0.0010987,0,-0.0011713,0.199
0.011658,-2.7202e-17,2.239e-09,0.77633,-6.245e-17,2.239e-09,0.77633,2.3117e-13,-5.0929e-12,-1.7016e-10,2.3117e-13,-5.0929e-12,-1.7016e-10,1,0.0011032,0,-0.0011668,0.199
0.011658,-2.813e-17,2.2461e-09,0.77855,-6.245e-17,2.2461e-09,0.77855,2.3157e-13,-5.0859e-12,-1.7102e-10,2.3157e-13,-5.0859e-12,-1.7102e-10,1,0.0011078,0,-0.0011622,0.199
0.011658,-2.9057e-17,2.2533e-09,0.78077,-6.245e-17,2.2533e-09,0.78077,2.3197e-13,-5.0788e-12,-1.7188e-10,2.3197e-13,-5.0788e-12,-1.7188e-10,1,0.0011123,0,-0.0011577,0.199
0.011658,-2.9984e-17,2.2604e-09,0.783,-6.245e-17,2.2604e-09,0.783,2.3237e-13,-5.0718e-12,-1.7275e-10,2.3237e-13,-5.0718e-12,-1.7275e-10,1,0.0011168,0,-0.0011532,0.199
0.011658,-2.9635e-17,2.2676e-09,0.78522,-6.1174e-17,2.2676e-09,0.78522,2.3277e-13,-5.0648e-12,-1.7361e-10,2.3277e-13,-5.0648e-12,-1.7361e-10,1,0.0011214,0,-0.0011486,0.199
0.011658,-2.6976e-17,2.2748e-09,0.78744,-5.7588e-17,2.2748e-09,0.78744,2.3317e-13,-5.0577e-12,-1.7447e-10,2.3317e-13,-5.0577e-12,-1.7447e-10,1,0.0011259,0,-0.0011441,0.199
0.011658,-3.2765e-17,2.2819e-09,0.78966,-6.245e-17,2.2819e-09,0.78966,2.3357e-13,-5.0507e-12,-1.7533e-10,2.3357e-13,-5.0507e-12,-1.7533e-10,1,0.0011305,0,-0.0011395,0.199
0.011658,-3.3692e-17,2.2891e-09,0.79188,-6.245e-17,2.2891e-09,0.79188,2.3396e-13,-5.0436e-12,-1.762e-10,2.3396e-13,-5.0436e-12,-1.762e-10,1,0.001135,0,-0.001135,0.199
0.011658,-3.4619e-17,2.2962e-09,0.7941,-6.245e-17,2.2962e-09,0.7941,2.3436e-13,-5.0366e-12,-1.7706e-10,2.3436e-13,-5.0366e-12,-1.7706e-10,1,0.0011395,0,-0.0011305,0.199
0.011658,-3.5546e-17,2.3034e-09,0.79633,-6.245e-17,2.3034e-09,0.79633,2.3476e-13,-5.0295e-12,-1.7792e-10,2.3476e-13,-5.0295e-12,-1.7792e-10,1,0.0011441,0,-0.0011259,0.199
0.011658,-3.6473e-17,2.3105e-09,0.79855,-6.245e-17,2.3105e-09,0.79855,2.3516e-13,-5.0225e-12,-1.7878e-10,2.3516e-13,-5.0225e-12,-1.7878e-10,1,0.0011486,0,-0.0011214,0.199
0.011658,-3.74e-17,2.3177e-09,0.80077,-6.245e-17,2.3177e-09,0.80077,2.3556e-13,-5.0154e-12,-1.7965e-10,2.3556e-13,-5.0154e-12,-1.7965e-10,1,0.0011532,0,-0.0011168,0.199
0.011658,-3.8327e-17,2.3249e-09,0.80299,-6.245e-17,2.3249e-09,0.80299,2.3596e-13,-5.0084e-12,-1.8051e-10,2.3596e-13,-5.0084e-12,-1.8051e-10,1,0.0011577,0,-0.0011123,0.199
0.011658,-3.9254e-17,2.332e-09,0.80521,-6.245e-17,2.332e-09,0.80521,2.3636e-13,-5.0013e-12,-1.8137e-10,2.3636e-13,-5.0013e-12,-1.8137e-10,1,0.0011622,0,-0.0011078,0.199
0.011658,-4.0181e-17,2.3392e-09,0.80744,-6.245e-17,2.3392e-09,0.80744,2.3675e-13,-4.9943e-12,-1.8224e-10,2.3675e-13,-4.9943e-12,-1.8224e-10,1,0.0011668,0,-0.0011032,0.199
0.011658,-4.1108e-17,2.3463e-09,0.80966,-6.245e-17,2.3463e-09,0.80966,2.3715e-13,-4.9872e-12,-1.831e-10,2.3715e-13,-4.9872e-12,-1.831e-10,1,0.0011713,0,-0.0010987,0.199
0.011658,-4.2035e-17,2.3535e-09,0.81188,-6.245e-17,2.3535e-09,0.81188,2.3755e-13,-4.9802e-12,-1.8396e-10,2.3755e-13,-4.9802e-12,-1.8396e-10,1,0.0011759,0,-0.0010941,0.199
0.011658,-4.2962e-17,2.3607e-09,0.8141,-6.245e-17,2.3607e-09,0.8141,2.3795e-13,-4.9731e-12,-1.8482e-10,2.3795e-13,-4.9731e-12,-1.8482e-10,1,0.0011804,0,-0.0010896,0.199
0.011658,-4.3889e-17,2.3678e-09,0.81632,-6.245e-17,2.3678e-09,0.81632,2.3835e-13,-4.9661e-12,-1.8569e-10,2.3835e-13,-4.9661e-12,-1.8569e-10,1,0.0011849,0,-0.0010851,0.199
0.011658,-4.4816e-17,2.375e-09,0.81854,-6.245e-17,2.375e-09,0.81854,2.3875e-13,-4.959e-12,-1.8655e-10,2.3875e-13,-4.959e-12,-1.8655e-10,1,0.0011895,0,-0.0010805,0.199
0.011658,-4.5743e-17,2.3821e-09,0.82077,-6.245e-17,2.3821e-09,0.82077,2.3915e-13,-4.952e-12,-1.8741e-10,2.3915e-13,-4.952e-12,-1.8741e-10,1,0.001194,0,-0.001076,0.199
0.011658,-4.667e-17,2.3893e-09,0.82299,-6.245e-17,2.3893e-09,0.82299,2.3954e-13,-4.9449e-12,-1.8827e-10,2.3954e-13,-4.9449e-12,-1.8827e-10,1,0.0011986,0,-0.0010714,0.199
0.011658,-4.7597e-17,2.3964e-09,0.82521,-6.245e-17,2.3964e-09,0.82521,2.3994e-13,-4.9379e-12,-1.8914e-10,2.3994e-13,-4.9379e-12,-1.8914e-10,1,0.0012031,0,-0.0010669,0.199
0.011658,-4.8524e-17,2.4036e-09,0.82743,-6.245e-17,2.4036e-09,0.82743,2.4034e-13,-4.9308e-12,-1.9e-10,2.4034e-13,-4.9308e-12,-1.9e-10,1,0.0012076,0,-0.0010624,0.199
0.011658,-4.9451e-17,2.4108e-09,0.82965,-6.2449e-17,2.4108e-09,0.82965,2.4074e-13,-4.9238e-12,-1.9086e-10,2.4074e-13,-4.9238e-12,-1.9086e-10,1,0.0012122,0,-0.0010578,0.199
0.011658,-5.0378e-17,2.4179e-09,0.83188,-6.2449e-17,2.4179e-09,0.83188,2.4114e-13,-4.9167e-12,-1.9172e-10,2.4114e-13,-4.9167e-12,-1.9172e-10,1,0.0012167,0,-0.0010533,0.199
0.011658,-5.1304e-17,2.4251e-09,0.8341,-6.2449e-17,2.4251e-09,0.8341,2.4154e-13,-4.9097e-12,-1.9259e-10,2.4154e-13,-4.9097e-12,-1.9259e-10,1,0.0012213,0,-0.0010487,0.199
0.011658,-5.2231e-17,2.4322e-09,0.83632,-6.2449e-17,2.4322e-09,0.83632,2.4194e-13,-4.9026e-12,-1.9345e-10,2.4194e-13,-4.9026e-12,-1.9345e-10,1,0.0012258,0,-0.0010442,0.199
0.011658,-5.3158e-17,2.4394e-09,0.83854,-6.2449e-17,2.4394e-09,0.83854,2.4233e-13,-4.8956e-12,-1.9431e-10,2.4233e-13,-4.8956e-12,-1.9431e-10,1,0.0012303,0,-0.0010397,0.199
0.011658,-5.4085e-17,2.4465e-09,0.84076,-6.2449e-17,2.4465e-09,0.84076,2.4273e-13,-4.8885e-12,-1.9518e-10,2.4273e-13,-4.8885e-12,-1.9518e-10,1,0.0012349,0,-0.0010351,0.199
0.011658,-5.5012e-17,2.4537e-09,0.84298,-6.2448e-17,2.4537e-09,0.84298,2.4313e-13,-4.8815e-12,-1.9604e-10,2.4313e-13,-4.8815e-12,-1.9604e-10,1,0.0012394,0,-0.0010306,0.199
0.011658,-5.5938e-17,2.4609e-09,0.84521,-6.2448e-17,2.4609e-09,0.84521,2.4353e-13,-4.8744e-12,-1.969e-10,2.4353e-13,-4.8744e-12,-1.969e-10,1,0.001244,0,-0.001026,0.199
0.011658,-5.6865e-17,2.468e-09,0.84743,-6.2448e-17,2.468e-09,0.84743,2.4393e-13,-4.8674e-12,-1.9776e-10,2.4393e-13,-4.8674e-12,-1.9776e-10,1,0.0012485,0,-0.0010215,0.199
0.011658,-5.7792e-17,2.4752e-09,0.84965,-6.2447e-17,2.4752e-09,0.84965,2.4433e-13,-4.8603e-12,-1.9863e-10,2.4433e-13,-4.8603e-12,-1.9863e-10,1,0.001253,0,-0.001017,0.199
0.011658,-5.8718e-17,2.4823e-09,0.85187,-6.2447e-17,2.4823e-09,0.85187,2.4473e-13,-4.8533e-12,-1.9949e-10,2.4473e-13,-4.8533e-12,-1.9949e-10,1,0.0012576,0,-0.0010124,0.199
0.011658,-5.9645e-17,2.4895e-09,0.85409,-6.2446e-17,2.4895e-09,0.85409,2.4512e-13,-4.8462e-12,-2.0035e-10,2.4512e-13,-4.8462e-12,-2.0035e-10,1,0.0012621,0,-0.0010079,0.199
0.011658,-6.0572e-17,2.4966e-09,0.85632,-6.2446e-17,2.4966e-09,0.85632,2.4552e-13,-4.8392e-12,-2.0121e-10,2.4552e-13,-4.8392e-12,-2.0121e-10,1,0.0012667,0,-0.0010033,0.199
0.011658,-6.1498e-17,2.5038e-09,0.85854,-6.2445e-17,2.5038e-09,0.85854,2.4592e-13,-4.8321e-12,-2.0208e-10,2.4592e-13,-4.8321e-12,-2.0208e-10,1,0.0012712,0,-0.0009988,0.199
0.011658,-6.2424e-17,2.511e-09,0.86076,-6.2445e-17,2.511e-09,0.86076,2.4632e-13,-4.8251e-12,-2.0294e-10,2.4632e-13,-4.8251e-12,-2.0294e-10,1,0.0012757,0,-0.00099426,0.199
0.011658,-6.1589e-17,2.5089e-09,0.86232,-6.2449e-17,2.5089e-09,0.86232,2.4112e-13,-4.8018e-12,-2.0353e-10,2.4112e-13,-4.8018e-12,-2.0353e-10,1,0.0012803,0,-0.00098972,0.199
0.011658,-6.0709e-17,2.5066e-09,0.86387,-6.2449e-17,2.5066e-09,0.86387,2.358e-13,-4.7782e-12,-2.0411e-10,2.358e-13,-4.7782e-12,-2.0411e-10,1,0.0012848,0,-0.00098518,0.199
0.011658,-5.9829e-17,2.5043e-09,0.86542,-6.245e-17,2.5043e-09,0.86542,2.3048e-13,-4.7546e-12,-2.0469e-10,2.3048e-13,-4.7546e-12,-2.0469e-10,1,0.0012894,0,-0.00098064,0.199
0.011658,-5.8948e-17,2.5021e-09,0.86697,-6.245e-17,2.5021e-09,0.86697,2.2516e-13,-4.7309e-12,-2.0527e-10,2.2516e-13,-4.7309e-12,-2.0527e-10,1,0.0012939,0,-0.0009761,0.199
0.011658,-5.8068e-17,2.4998e-09,0.86852,-6.245e-17,2.4998e-09,0.86852,2.1984e-13,-4.7073e-12,-2.0585e-10,2.1984e-13,-4.7073e-12,-2.0585e-10,1,0.0012984,0,-0.00097156,0.199
0.011658,-5.7188e-17,2.4975e-09,0.87007,-6.245e-17,2.4975e-09,0.87007,2.1452e-13,-4.6836e-12,-2.0643e-10,2.1452e-13,-4.6836e-12,-2.0643e-10,1,0.001303,0,-0.00096702,0.199
0.011658,-5.6308e-17,2.4952e-09,0.87162,-6.245e-17,2.4952e-09,0.87162,2.092e-13,-4.66e-12,-2.0701e-10,2.092e-13,-4.66e-12,-2.0701e-10,1,0.0013075,0,-0.00096248,0.199
0.011658,-5.5428e-17,2.4929e-09,0.87317,-6.245e-17,2.4929e-09,0.87317,2.0388e-13,-4.6364e-12,-2.0759e-10,2.0388e-13,-4.6364e-12,-2.0759e-10,1,0.0013121,0,-0.00095794,0.199
0.011658,-5.4548e-17,2.4907e-09,0.87472,-6.245e-17,2.4907e-09,0.87472,1.9856e-13,-4.6127e-12,-2.0818e-10,1.9856e-13,-4.6127e-12,-2.0818e-10,1,0.0013166,0,-0.0009534,0.199
0.011658,-5.3668e-17,2.4884e-09,0.87627,-6.245e-17,2.4884e-09,0.87627,1.9324e-13,-4.5891e-12,-2.0876e-10,1.9324e-13,-4.5891e-12,-2.0876e-10,1,0.0013211,0,-0.00094886,0.199
0.011658,-5.2788e-17,2.4861e-09,0.87782,-6.245e-17,2.4861e-09,0.87782,1.8792e-13,-4.5655e-12,-2.0934e-10,1.8792e-13,-4.5655e-12,-2.0934e-10,1,0.0013257,0,-0.00094432,0.199
0.011658,-5.1908e-17,2.4838e-09,0.87937,-6.245e-17,2.4838e-09,0.87937,1.826e-13,-4.5418e-12,-2.0992e-10,1.826e-13,-4.5418e-12,-2.0992e-10,1,0.0013302,0,-0.00093978,0.199
0.011658,-5.1028e-17,2.4815e-09,0.88092,-6.245e-17,2.4815e-09,0.88092,1.7728e-13,-4.5182e-12,-2.105e-10,1.7728e-13,-4.5182e-12,-2.105e-10,1,0.0013348,0,-0.00093524,0.199
0.011658,-5.0148e-17,2.4793e-09,0.88247,-6.245e-17,2.4793e-09,0.88247,1.7196e-13,-4.4946e-12,-2.1108e-10,1.7196e-13,-4.4946e-12,-2.1108e-10,1,0.0013393,0,-0.0009307,0.199
0.011658,-4.9268e-17,2.477e-09,0.88402,-6.245e-17,2.477e-09,0.88402,1.6664e-13,-4.4709e-12,-2.1166e-10,1.6664e-13,-4.4709e-12,-2.1166e-10,1,0.0013438,0,-0.00092616,0.199
0.011658,-4.8388e-17,2.4747e-09,0.88557,-6.245e-17,2.4747e-09,0.88557,1.6132e-13,-4.4473e-12,-2.1224e-10,1.6132e-13,-4.4473e-12,-2.1224e-10,1,0.0013484,0,-0.00092162,0.199
0.011658,-4.7507e-17,2.4724e-09,0.88712,-6.245e-17,2.4724e-09,0.88712,1.5599e-13,-4.4237e-12,-2.1283e-10,1.5599e-13,-4.4237e-12,-2.1283e-10,1,0.0013529,0,-0.00091708,0.199
0.011658,-4.6627e-17,2.4701e-09,0.88866,-6.245e-17,2.4701e-09,0.88866,1.5067e-13,-4.4e-12,-2.1341e-10,1.5067e-13,-4.4e-12,-2.1341e-10,1,0.0013575,0,-0.00091254,0.199
0.011658,-4.5747e-17,2.4679e-09,0.89021,-6.245e-17,2.4679e-09,0.89021,1.4535e-13,-4.3764e-12,-2.1399e-10,1.4535e-13,-4.3764e-12,-2.1399e-10,1,0.001362,0,-0.000908,0.199
0.011658,-4.4867e-17,2.4656e-09,0.89176,-6.245e-17,2.4656e-09,0.89176,1.4003e-13,-4.3527e-12,-2.1457e-10,1.4003e-13,-4.3527e-12,-2.1457e-10,1,0.0013665,0,-0.00090346,0.199
0.011658,-4.3987e-17,2.4633e-09,0.89331,-6.245e-17,2.4633e-09,0.89331,1.3471e-13,-4.3291e-12,-2.1515e-10,1.3471e-13,-4.3291e-12,-2.1515e-10,1,0.0013711,0,-0.00089892,0.199
0.011658,-4.3107e-17,2.461e-09,0.89486,-6.245e-17,2.461e-09,0.89486,1.2939e-13,-4.3055e-12,-2.1573e-10,1.2939e-13,-4.3055e-12,-2.1573e-10,1,0.0013756,0,-0.00089438,0.199
0.011658,-4.2227e-17,2.4587e-09,0.89641,-6.245e-17,2.4587e-09,0.89641,1.2407e-13,-4.2818e-12,-2.1631e-10,1.2407e-13,-4.2818e-12,-2.1631e-10,1,0.0013802,0,-0.00088984,0.199
0.011658,-4.1347e-17,2.4565e-09,0.89796,-6.245e-17,2.4565e-09,0.89796,1.1875e-13,-4.2582e-12,-2.1689e-10,1.1875e-13,-4.2582e-12,-2.1689e-10,1,0.0013847,0,-0.0008853,0.199
0.011658,-4.0467e-17,2.4542e-09,0.89951,-6.245e-17,2.4542e-09,0.89951,1.1343e-13,-4.2346e-12,-2.1748e-10,1.1343e-13,-4.2346e-12,-2.1748e-10,1,0.0013892,0,-0.00088076,0.199
0.011658,-3.9586e-17,2.4519e-09,0.90106,-6.245e-17,2.4519e-09,0.90106,1.0811e-13,-4.2109e-12,-2.1806e-10,1.0811e-13,-4.2109e-12,-2.1806e-10,1,0.0013938,0,-0.00087622,0.199
0.011658,-3.8706e-17,2.4496e-09,0.90261,-6.245e-17,2.4496e-09,0.90261,1.0279e-13,-4.1873e-12,-2.1864e-10,1.0279e-13,-4.1873e-12,-2.1864e-10,1,0.0013983,0,-0.00087168,0.199
0.011658,-3.7826e-17,2.4473e-09,0.90416,-6.245e-17,2.4473e-09,0.90416,9.7468e-14,-4.1637e-12,-2.1922e-10,9.7468e-14,-4.1637e-12,-2.1922e-10,1,0.0014029,0,-0.00086714,0.199
0.011658,-3.6946e-17,2.4451e-09,0.90571,-6.245e-17,2.4451e-09,0.90571,9.2147e-14,-4.14e-12,-2.198e-10,9.2147e-14,-4.14e-12,-2.198e-10,1,0.0014074,0,-0.0008626,0.199
0.011658,-3.6066e-17,2.4428e-09,0.90726,-6.245e-17,2.4428e-09,0.90726,8.6827e-14,-4.1164e-12,-2.2038e-10,8.6827e-14,-4.1164e-12,-2.2038e-10,1,0.0014119,0,-0.00085806,0.199
0.011658,-3.5186e-17,2.4405e-09,0.90881,-6.245e-17,2.4405e-09,0.90881,8.1506e-14,-4.0927e-12,-2.2096e-10,8.1506e-14,-4.0927e-12,-2.2096e-10,1,0.0014165,0,-0.00085352,0.199
0.011658,-3.4306e-17,2.4382e-09,0.91036,-6.245e-17,2.4382e-09,0.91036,7.6185e-14,-4.0691e-12,-2.2154e-10,7.6185e-14,-4.0691e-12,-2.2154e-10,1,0.001421,0,-0.00084898,0.199
0.011658,-3.3426e-17,2.4359e-09,0.91191,-6.245e-17,2.4359e-09,0.91191,7.0865e-14,-4.0455e-12,-2.2212e-10,7.0865e-14,-4.0455e-12,-2.2212e-10,1,0.0014256,0,-0.00084444,0.199
0.011658,-2.1404e-17,2.4337e-09,0.91346,-5.1308e-17,2.4337e-09,0.91346,6.5544e-14,-4.0218e-12,-2.2271e-10,6.5544e-14,-4.0218e-12,-2.2271e-10,1,0.0014301,0,-0.0008399,0.199
0.011658,-3.0422e-17,2.4314e-09,0.91501,-6.1206e-17,2.4314e-09,0.91501,6.0223e-14,-3.9982e-12,-2.2329e-10,6.0223e-14,-3.9982e-12,-2.2329e-10,1,0.0014346,0,-0.00083536,0.199
0.011658,-2.9542e-17,2.4291e-09,0.91656,-6.1207e-17,2.4291e-09,0.91656,5.4903e-14,-3.9746e-12,-2.2387e-10,5.4903e-14,-3.9746e-12,-2.2387e-10,1,0.0014392,0,-0.00083082,0.199
0.011658,-1.8667e-17,2.4268e-09,0.91811,-5.1211e-17,2.4268e-09,0.91811,4.9582e-14,-3.9509e-12,-2.2445e-10,4.9582e-14,-3.9509e-12,-2.2445e-10,1,0.0014437,0,-0.00082628,0.199
0.011658,-2.9025e-17,2.4245e-09,0.91966,-6.245e-17,2.4245e-09,0.91966,4.4261e-14,-3.9273e-12,-2.2503e-10,4.4261e-14,-3.9273e-12,-2.2503e-10,1,0.0014483,0,-0.00082174,0.199
0.011658,-2.8145e-17,2.4223e-09,0.9212,-6.245e-17,2.4223e-09,0.9212,3.8941e-14,-3.9037e-12,-2.2561e-10,3.8941e-14,-3.9037e-12,-2.2561e-10,1,0.0014528,0,-0.0008172,0.199
0.011658,-2.7265e-17,2.42e-09,0.92275,-6.245e-17,2.42e-09,0.92275,3.362e-14,-3.88e-12,-2.2619e-10,3.362e-14,-3.88e-12,-2.2619e-10,1,0.0014573,0,-0.00081266,0.199
0.011658,-2.6385e-17,2.4177e-09,0.9243,-6.245e-17,2.4177e-09,0.9243,2.83e-14,-3.8564e-12,-2.2677e-10,2.83e-14,-3.8564e-12,-2.2677e-10,1,0.0014619,0,-0.00080812,0.199
0.011658,-2.5505e-17,2.4154e-09,0.92585,-6.245e-17,2.4154e-09,0.92585,2.2979e-14,-3.8328e-12,-2.2736e-10,2.2979e-14,-3.8328e-12,-2.2736e-10,1,0.0014664,0,-0.00080358,0.199
0.011658,-2.4625e-17,2.4131e-09,0.9274,-6.245e-17,2.4131e-09,0.9274,1.7658e-14,-3.8091e-12,-2.2794e-10,1.7658e-14,-3.8091e-12,-2.2794e-10,1,0.001471,0,-0.00079904,0.199
0.011658,-2.3744e-17,2.4109e-09,0.92895,-6.245e-17,2.4109e-09,0.92895,1.2338e-14,-3.7855e-12,-2.2852e-10,1.2338e-14,-3.7855e-12,-2.2852e-10,1,0.0014755,0,-0.0007945,0.199
0.011658,-2.2864e-17,2.4086e-09,0.9305,-6.245e-17,2.4086e-09,0.9305,7.017e-15,-3.7618e-12,-2.291e-10,7.017e-15,-3.7618e-12,-2.291e-10,1,0.00148,0,-0.00078996,0.199
0.011658,-2.1984e-17,2.4063e-09,0.93205,-6.245e-17,2.4063e-09,0.93205,1.6964e-15,-3.7382e-12,-2.2968e-10,1.6964e-15,-3.7382e-12,-2.2968e-10,1,0.0014846,0,-0.00078542,0.199
0.011658,-2.1104e-17,2.404e-09,0.9336,-6.245e-17,2.404e-09,0.9336,-3.6242e-15,-3.7146e-12,-2.3026e-10,-3.6242e-15,-3.7146e-12,-2.3026e-10,1,0.0014891,0,-0.00078088,0.199
0.011658,-2.0224e-17,2.4017e-09,0.93515,-6.245e-17,2.4017e-09,0.93515,-8.9449e-15,-3.6909e-12,-2.3084e-10,-8.9449e-15,-3.6909e-12,-2.3084e-10,1,0.0014937,0,-0.00077634,0.199
0.011658,-1.9344e-17,2.3995e-09,0.9367,-6.245e-17,2.3995e-09,0.9367,-1.4266e-14,-3.6673e-12,-2.3142e-10,-1.4266e-14,-3.6673e-12,-2.3142e-10,1,0.0014982,0,-0.0007718,0.199
0.011658,-1.8464e-17,2.3972e-09,0.93825,-6.245e-17,2.3972e-09,0.93825,-1.9586e-14,-3.6437e-12,-2.3201e-10,-1.9586e-14,-3.6437e-12,-2.3201e-10,1,0.0015027,0,-0.00076726,0.199
0.011658,-1.7584e-17,2.3949e-09,0.9398,-6.245e-17,2.3949e-09,0.9398,-2.4907e-14,-3.62e-12,-2.3259e-10,-2.4907e-14,-3.62e-12,-2.3259e-10,1,0.0015073,0,-0.00076272,0.199
0.011658,-1.6704e-17,2.3926e-09,0.94135,-6.245e-17,2.3926e-09,0.94135,-3.0227e-14,-3.5964e-12,-2.3317e-10,-3.0227e-14,-3.5964e-12,-2.3317e-10,1,0.0015118,0,-0.00075818,0.199
0.011658,-1.5823e-17,2.3903e-09,0.9429,-6.245e-17,2.3903e-09,0.9429,-3.5548e-14,-3.5728e-12,-2.3375e-10,-3.5548e-14,-3.5728e-12,-2.3375e-10,1,0.0015164,0,-0.00075364,0.199
0.011658,-1.4943e-17,2.3881e-09,0.94445,-6.245e-17,2.3881e-09,0.94445,-4.0869e-14,-3.5491e-12,-2.3433e-10,-4.0869e-14,-3.5491e-12,-2.3433e-10,1,0.0015209,0,-0.0007491,0.199
0.011658,-1.4063e-17,2.3858e-09,0.946,-6.245e-17,2.3858e-09,0.946,-4.6189e-14,-3.5255e-12,-2.3491e-10,-4.6189e-14,-3.5255e-12,-2.3491e-10,1,0.0015254,0,-0.00074456,0.199
0.011658,-1.3183e-17,2.3835e-09,0.94755,-6.245e-17,2.3835e-09,0.94755,-5.151e-14,-3.5018e-12,-2.3549e-10,-5.151e-14,-3.5018e-12,-2.3549e-10,1,0.00153,0,-0.00074002,0.199
0.011658,-1.2303e-17,2.3812e-09,0.9491,-6.245e-17,2.3812e-09,0.9491,-5.6831e-14,-3.4782e-12,-2.3607e-10,-5.6831e-14,-3.4782e-12,-2.3607e-10,1,0.0015345,0,-0.00073548,0.199
0.011658,-1.1423e-17,2.3789e-09,0.95065,-6.245e-17,2.3789e-09,0.95065,-6.2151e-14,-3.4546e-12,-2.3665e-10,-6.2151e-14,-3.4546e-12,-2.3665e-10,1,0.0015391,0,-0.00073094,0.199
0.011658,-1.0543e-17,2.3767e-09,0.95219,-6.245e-17,2.3767e-09,0.95219,-6.7472e-14,-3.4309e-12,-2.3724e-10,-6.7472e-14,-3.4309e-12,-2.3724e-10,1,0.0015436,0,-0.0007264,0.199
0.011658,-9.6626e-18,2.3744e-09,0.95374,-6.245e-17,2.3744e-09,0.95374,-7.2792e-14,-3.4073e-12,-2.3782e-10,-7.2792e-14,-3.4073e-12,-2.3782e-10,1,0.0015481,0,-0.00072186,0.199
0.011658,-8.7824e-18,2.3721e-09,0.95529,-6.245e-17,2.3721e-09,0.95529,-7.8113e-14,-3.3837e-12,-2.384e-10,-7.8113e-14,-3.3837e-12,-2.384e-10,1,0.0015527,0,-0.00071732,0.199
0.011658,-7.9023e-18,2.3698e-09,0.95684,-6.245e-17,2.3698e-09,0.95684,-8.3434e-14,-3.36e-12,-2.3898e-10,-8.3434e-14,-3.36e-12,-2.3898e-10,1,0.0015572,0,-0.00071278,0.199
0.011658,-7.0221e-18,2.3675e-09,0.95839,-6.245e-17,2.3675e-09,0.95839,-8.8754e-14,-3.3364e-12,-2.3956e-10,-8.8754e-14,-3.3364e-12,-2.3956e-10,1,0.0015618,0,-0.00070824,0.199
0.011658,-6.142e-18,2.3653e-09,0.95994,-6.245e-17,2.3653e-09,0.95994,-9.4075e-14,-3.3128e-12,-2.4014e-10,-9.4075e-14,-3.3128e-12,-2.4014e-10,1,0.0015663,0,-0.0007037,0.199
0.011658,-5.2618e-18,2.363e-09,0.96149,-6.245e-17,2.363e-09,0.96149,-9.9396e-14,-3.2891e-12,-2.4072e-10,-9.9396e-14,-3.2891e-12,-2.4072e-10,1,0.0015708,0,-0.00069916,0.199
0.011658,-4.3817e-18,2.3607e-09,0.96304,-6.245e-17,2.3607e-09,0.96304,-1.0472e-13,-3.2655e-12,-2.413e-10,-1.0472e-13,-3.2655e-12,-2.413e-10,1,0.0015754,0,-0.00069462,0.199
0.011658,-3.5015e-18,2.3584e-09,0.96459,-6.245e-17,2.3584e-09,0.96459,-1.1004e-13,-3.2419e-12,-2.4189e-10,-1.1004e-13,-3.2419e-12,-2.4189e-10,1,0.0015799,0,-0.00069008,0.199
0.011658,-2.6213e-18,2.3561e-09,0.96614,-6.245e-17,2.3561e-09,0.96614,-1.1536e-13,-3.2182e-12,-2.4247e-10,-1.1536e-13,-3.2182e-12,-2.4247e-10,1,0.0015845,0,-0.00068554,0.199
0.011658,-1.7411e-18,2.3539e-09,0.96769,-6.2449e-17,2.3539e-09,0.96769,-1.2068e-13,-3.1946e-12,-2.4305e-10,-1.2068e-13,-3.1946e-12,-2.4305e-10,1,0.001589,0,-0.000681,0.199
0.011658,-8.6096e-19,2.3516e-09,0.96924,-6.2449e-17,2.3516e-09,0.96924,-1.26e-13,-3.1709e-12,-2.4363e-10,-1.26e-13,-3.1709e-12,-2.4363e-10,1,0.0015935,0,-0.00067646,0.199
0.011658,-1.7794e-20,2.3491e-09,0.97078,-6.2486e-17,2.3491e-09,0.97078,-1.3109e-13,-3.147e-12,-2.4421e-10,-1.3109e-13,-3.147e-12,-2.4421e-10,1,0.0015981,0,-0.00067192,0.199
0.011658,-8.6869e-19,2.3366e-09,0.97168,-6.4187e-17,2.3366e-09,0.97168,-1.2562e-13,-3.1079e-12,-2.4453e-10,-1.2562e-13,-3.1079e-12,-2.4453e-10,1,0.0016026,0,-0.00066738,0.199
0.011658,-1.7196e-18,2.3242e-09,0.97258,-6.5889e-17,2.3242e-09,0.97258,-1.2014e-13,-3.0688e-12,-2.4486e-10,-1.2014e-13,-3.0688e-12,-2.4486e-10,1,0.0016072,0,-0.00066284,0.199
0.011658,-2.5705e-18,2.3117e-09,0.97349,-6.7591e-17,2.3117e-09,0.97349,-1.1467e-13,-3.0297e-12,-2.4519e-10,-1.1467e-13,-3.0297e-12,-2.4519e-10,1,0.0016117,0,-0.0006583,0.199
0.011658,-3.4213e-18,2.2992e-09,0.97439,-6.9293e-17,2.2992e-09,0.97439,-1.0919e-13,-2.9906e-12,-2.4552e-10,-1.0919e-13,-2.9906e-12,-2.4552e-10,1,0.0016162,0,-0.00065376,0.199
0.011658,-4.2722e-18,2.2867e-09,0.97529,-7.0995e-17,2.2867e-09,0.97529,-1.0371e-13,-2.9515e-12,-2.4585e-10,-1.0371e-13,-2.9515e-12,-2.4585e-10,1,0.0016208,0,-0.00064922,0.199
0.011658,-5.1231e-18,2.2743e-09,0.9762,-7.2696e-17,2.2743e-09,0.9762,-9.8238e-14,-2.9124e-12,-2.4618e-10,-9.8238e-14,-2.9124e-12,-2.4618e-10,1,0.0016253,0,-0.00064468,0.199
0.011658,-5.974e-18,2.2618e-09,0.9771,-7.4398e-17,2.2618e-09,0.9771,-9.2762e-14,-2.8733e-12,-2.4651e-10,-9.2762e-14,-2.8733e-12,-2.4651e-10,1,0.0016299,0,-0.00064014,0.199
0.011658,-6.8249e-18,2.2493e-09,0.978,-7.61e-17,2.2493e-09,0.978,-8.7286e-14,-2.8342e-12,-2.4684e-10,-8.7286e-14,-2.8342e-12,-2.4684e-10,1,0.0016344,0,-0.0006356,0.199
0.011658,-7.6758e-18,2.2369e-09,0.97891,-7.7802e-17,2.2369e-09,0.97891,-8.181e-14,-2.7951e-12,-2.4717e-10,-8.181e-14,-2.7951e-12,-2.4717e-10,1,0.0016389,0,-0.00063106,0.199
0.011658,-8.5266e-18,2.2244e-09,0.97981,-7.9503e-17,2.2244e-09,0.97981,-7.6335e-14,-2.756e-12,-2.475e-10,-7.6335e-14,-2.756e-12,-2.475e-10,1,0.0016435,0,-0.00062652,0.199
0.011658,-9.3775e-18,2.2119e-09,0.98071,-8.1205e-17,2.2119e-09,0.98071,-7.0859e-14,-2.7169e-12,-2.4783e-10,-7.0859e-14,-2.7169e-12,-2.4783e-10,1,0.001648,0,-0.00062198,0.199
0.011658,-1.0228e-17,2.1995e-09,0.98162,-8.2907e-17,2.1995e-09,0.98162,-6.5383e-14,-2.6778e-12,-2.4816e-10,-6.5383e-14,-2.6778e-12,-2.4816e-10,1,0.0016526,0,-0.00061744,0.199
0.011658,-1.1079e-17,2.187e-09,0.98252,-8.4609e-17,2.187e-09,0.98252,-5.9907e-14,-2.6387e-12,-2.4849e-10,-5.9907e-14,-2.6387e-12,-2.4849e-10,1,0.0016571,0,-0.0006129,0.199
0.011658,-1.193e-17,2.1745e-09,0.98343,-8.631e-17,2.1745e-09,0.98343,-5.4431e-14,-2.5996e-12,-2.4882e-10,-5.4431e-14,-2.5996e-12,-2.4882e-10,1,0.0016616,0,-0.00060836,0.199
0.011658,-1.2781e-17,2.1621e-09,0.98433,-8.8012e-17,2.1621e-09,0.98433,-4.8955e-14,-2.5606e-12,-2.4915e-10,-4.8955e-14,-2.5606e-12,-2.4915e-10,1,0.0016662,0,-0.00060382,0.199
0.011658,-1.3632e-17,2.1496e-09,0.98523,-8.9714e-17,2.1496e-09,0.98523,-4.348e-14,-2.5215e-12,-2.4948e-10,-4.348e-14,-2.5215e-12,-2.4948e-10,1,0.0016707,0,-0.00059928,0.199
0.011658,-1.4483e-17,2.1371e-09,0.98614,-9.1416e-17,2.1371e-09,0.98614,-3.8004e-14,-2.4824e-12,-2.4981e-10,-3.8004e-14,-2.4824e-12,-2.4981e-10,1,0.0016753,0,-0.00059474,0.199
0.011658,-1.5334e-17,2.1247e-09,0.98704,-9.3117e-17,2.1247e-09,0.98704,-3.2528e-14,-2.4433e-12,-2.5014e-10,-3.2528e-14,-2.4433e-12,-2.5014e-10,1,0.0016798,0,-0.0005902,0.199
0.011658,-1.6185e-17,2.1122e-09,0.98794,-9.4819e-17,2.1122e-09,0.98794,-2.7052e-14,-2.4042e-12,-2.5047e-10,-2.7052e-14,-2.4042e-12,-2.5047e-10,1,0.0016843,0,-0.00058566,0.199
0.011658,-1.7035e-17,2.0997e-09,0.98885,-9.6521e-17,2.0997e-09,0.98885,-2.1576e-14,-2.3651e-12,-2.5079e-10,-2.1576e-14,-2.3651e-12,-2.5079e-10,1,0.0016889,0,-0.00058112,0.199
0.011658,-1.7886e-17,2.0873e-09,0.98975,-9.8223e-17,2.0873e-09,0.98975,-1.61e-14,-2.326e-12,-2.5112e-10,-1.61e-14,-2.326e-12,-2.5112e-10,1,0.0016934,0,-0.00057658,0.199
0.011658,-1.8737e-17,2.0748e-09,0.99065,-9.9925e-17,2.0748e-09,0.99065,-1.0625e-14,-2.2869e-12,-2.5145e-10,-1.0625e-14,-2.2869e-12,-2.5145e-10,1,0.001698,0,-0.00057204,0.199
0.011658,-1.9588e-17,2.0623e-09,0.99156,-1.0163e-16,2.0623e-09,0.99156,-5.1487e-15,-2.2478e-12,-2.5178e-10,-5.1487e-15,-2.2478e-12,-2.5178e-10,1,0.0017025,0,-0.0005675,0.199
0.011658,-2.0439e-17,2.0499e-09,0.99246,-1.0333e-16,2.0499e-09,0.99246,3.2716e-16,-2.2087e-12,-2.5211e-10,3.2716e-16,-2.2087e-12,-2.5211e-10,1,0.001707,0,-0.00056296,0.199
0.011658,-2.129e-17,2.0374e-09,0.99337,-1.0503e-16,2.0374e-09,0.99337,5.803e-15,-2.1696e-12,-2.5244e-10,5.803e-15,-2.1696e-12,-2.5244e-10,1,0.0017116,0,-0.00055842,0.199
0.011658,-2.2141e-17,2.0249e-09,0.99427,-1.0673e-16,2.0249e-09,0.99427,1.1279e-14,-2.1305e-12,-2.5277e-10,1.1279e-14,-2.1305e-12,-2.5277e-10,1,0.0017161,0,-0.00055388,0.199
0.011658,-2.2992e-17,2.0125e-09,0.99517,-1.0843e-16,2.0125e-09,0.99517,1.6755e-14,-2.0914e-12,-2.531e-10,1.6755e-14,-2.0914e-12,-2.531e-10,1,0.0017207,0,-0.00054934,0.199
0.011658,-2.3843e-17,2e-09,0.99608,-1.1014e-16,2e-09,0.99608,2.223e-14,-2.0523e-12,-2.5343e-10,2.223e-14,-2.0523e-12,-2.5343e-10,1,0.0017252,0,-0.0005448,0.199
0.011658,-2.4693e-17,1.9875e-09,0.99698,-1.1184e-16,1.9875e-09,0.99698,2.7706e-14,-2.0132e-12,-2.5376e-10,2.7706e-14,-2.0132e-12,-2.5376e-10,1,0.0017297,0,-0.00054026,0.199
0.011658,-2.5544e-17,1.9751e-09,0.99788,-1.1354e-16,1.9751e-09,0.99788,3.3182e-14,-1.9741e-12,-2.5409e-10,3.3182e-14,-1.9741e-12,-2.5409e-10,1,0.0017343,0,-0.00053572,0.199
0.011658,-2.6395e-17,1.9626e-09,0.99879,-1.1524e-16,1.9626e-09,0.99879,3.8658e-14,-1.935e-12,-2.5442e-10,3.8658e-14,-1.935e-12,-2.5442e-10,1,0.0017388,0,-0.00053118,0.199
0.011658,-2.7246e-17,1.9501e-09,0.99969,-1.1694e-16,1.9501e-09,0.99969,4.4134e-14,-1.8959e-12,-2.5475e-10,4.4134e-14,-1.8959e-12,-2.5475e-10,1,0.0017434,0,-0.00052664,0.199
0.011658,-2.8097e-17,1.9377e-09,1.0006,-1.1864e-16,1.9377e-09,1.0006,4.961e-14,-1.8568e-12,-2.5508e-10,4.961e-14,-1.8568e-12,-2.5508e-10,1,0.0017479,0,-0.0005221,0.199
0.011658,-1.6867e-17,1.9252e-09,1.0015,-1.0826e-16,1.9252e-09,1.0015,5.5085e-14,-1.8177e-12,-2.5541e-10,5.5085e-14,-1.8177e-12,-2.5541e-10,1,0.0017524,0,-0.00051756,0.199
0.011658,-2.5049e-17,1.9127e-09,1.0024,-1.173e-16,1.9127e-09,1.0024,6.0561e-14,-1.7786e-12,-2.5574e-10,6.0561e-14,-1.7786e-12,-2.5574e-10,1,0.001757,0,-0.00051302,0.199
0.011658,-2.9875e-17,1.9003e-09,1.0033,-1.2297e-16,1.9003e-09,1.0033,6.6037e-14,-1.7396e-12,-2.5607e-10,6.6037e-14,-1.7396e-12,-2.5607e-10,1,0.0017615,0,-0.00050848,0.199
0.011658,-3.1323e-17,1.8878e-09,1.0042,-1.2527e-16,1.8878e-09,1.0042,7.1513e-14,-1.7005e-12,-2.564e-10,7.1513e-14,-1.7005e-12,-2.564e-10,1,0.0017661,0,-0.00050394,0.199
0.011658,-2.937e-17,1.8753e-09,1.0051,-1.2417e-16,1.8753e-09,1.0051,7.6989e-14,-1.6614e-12,-2.5673e-10,7.6989e-14,-1.6614e-12,-2.5673e-10,1,0.0017706,0,-0.0004994,0.199
0.011658,-2.3996e-17,1.8628e-09,1.006,-1.1965e-16,1.8628e-09,1.006,8.2465e-14,-1.6223e-12,-2.5705e-10,8.2465e-14,-1.6223e-12,-2.5705e-10,1,0.0017751,0,-0.00049486,0.199
0.011658,-3.4053e-17,1.8504e-09,1.0069,-1.3056e-16,1.8504e-09,1.0069,8.794e-14,-1.5832e-12,-2.5738e-10,8.794e-14,-1.5832e-12,-2.5738e-10,1,0.0017797,0,-0.00049032,0.199
0.011658,-3.4904e-17,1.8379e-09,1.0078,-1.3226e-16,1.8379e-09,1.0078,9.3416e-14,-1.5441e-12,-2.5771e-10,9.3416e-14,-1.5441e-12,-2.5771e-10,1,0.0017842,0,-0.00048578,0.199
0.011658,-3.5755e-17,1.8254e-09,1.0087,-1.3396e-16,1.8254e-09,1.0087,9.8892e-14,-1.505e-12,-2.5804e-10,9.8892e-14,-1.505e-12,-2.5804e-10,1,0.0017888,0,-0.00048124,0.199
0.011658,-3.6606e-17,1.813e-09,1.0096,-1.3566e-16,1.813e-09,1.0096,1.0437e-13,-1.4659e-12,-2.5837e-10,1.0437e-13,-1.4659e-12,-2.5837e-10,1,0.0017933,0,-0.0004767,0.199
0.011658,-3.7457e-17,1.8005e-09,1.0105,-1.3736e-16,1.8005e-09,1.0105,1.0984e-13,-1.4268e-12,-2.587e-10,1.0984e-13,-1.4268e-12,-2.587e-10,1,0.0017978,0,-0.00047216,0.199
0.011658,-3.8307e-17,1.788e-09,1.0114,-1.3907e-16,1.788e-09,1.0114,1.1532e-13,-1.3877e-12,-2.5903e-10,1.1532e-13,-1.3877e-12,-2.5903e-10,1,0.0018024,0,-0.00046762,0.199
0.011658,-3.9158e-17,1.7756e-09,1.0123,-1.4077e-16,1.7756e-09,1.0123,1.208e-13,-1.3486e-12,-2.5936e-10,1.208e-13,-1.3486e-12,-2.5936e-10,1,0.0018069,0,-0.00046308,0.199
0.011658,-4.0009e-17,1.7631e-09,1.0132,-1.4247e-16,1.7631e-09,1.0132,1.2627e-13,-1.3095e-12,-2.5969e-10,1.2627e-13,-1.3095e-12,-2.5969e-10,1,0.0018115,0,-0.00045854,0.199
0.011658,-4.086e-17,1.7506e-09,1.0141,-1.4417e-16,1.7506e-09,1.0141,1.3175e-13,-1.2704e-12,-2.6002e-10,1.3175e-13,-1.2704e-12,-2.6002e-10,1,0.001816,0,-0.000454,0.199
0.011658,-4.1711e-17,1.7382e-09,1.0151,-1.4587e-16,1.7382e-09,1.0151,1.3722e-13,-1.2313e-12,-2.6035e-10,1.3722e-13,-1.2313e-12,-2.6035e-10,1,0.0018205,0,-0.00044946,0.199
0.011658,-4.2562e-17,1.7257e-09,1.016,-1.4757e-16,1.7257e-09,1.016,1.427e-13,-1.1922e-12,-2.6068e-10,1.427e-13,-1.1922e-12,-2.6068e-10,1,0.0018251,0,-0.00044492,0.199
0.011658,-4.3413e-17,1.7132e-09,1.0169,-1.4928e-16,1.7132e-09,1.0169,1.4817e-13,-1.1531e-12,-2.6101e-10,1.4817e-13,-1.1531e-12,-2.6101e-10,1,0.0018296,0,-0.00044038,0.199
0.011658,-4.4264e-17,1.7008e-09,1.0178,-1.5098e-16,1.7008e-09,1.0178,1.5365e-13,-1.114e-12,-2.6134e-10,1.5365e-13,-1.114e-12,-2.6134e-10,1,0.0018342,0,-0.00043584,0.199
0.011658,-4.5115e-17,1.6883e-09,1.0187,-1.5268e-16,1.6883e-09,1.0187,1.5913e-13,-1.0749e-12,-2.6167e-10,1.5913e-13,-1.0749e-12,-2.6167e-10,1,0.0018387,0,-0.0004313,0.199
0.011658,-4.5965e-17,1.6758e-09,1.0196,-1.5438e-16,1.6758e-09,1.0196,1.646e-13,-1.0358e-12,-2.62e-10,1.646e-13,-1.0358e-12,-2.62e-10,1,0.0018432,0,-0.00042676,0.199
0.011658,-4.6816e-17,1.6634e-09,1.0205,-1.5608e-16,1.6634e-09,1.0205,1.7008e-13,-9.9674e-13,-2.6233e-10,1.7008e-13,-9.9674e-13,-2.6233e-10,1,0.0018478,0,-0.00042222,0.199
0.011658,-4.7667e-17,1.6509e-09,1.0214,-1.5778e-16,1.6509e-09,1.0214,1.7555e-13,-9.5764e-13,-2.6266e-10,1.7555e-13,-9.5764e-13,-2.6266e-10,1,0.0018523,0,-0.00041768,0.199
0.011658,-4.8518e-17,1.6384e-09,1.0223,-1.5949e-16,1.6384e-09,1.0223,1.8103e-13,-9.1855e-13,-2.6298e-10,1.8103e-13,-9.1855e-13,-2.6298e-10,1,0.0018569,0,-0.00041314,0.199
0.011658,-4.9369e-17,1.626e-09,1.0232,-1.6119e-16,1.626e-09,1.0232,1.8651e-13,-8.7945e-13,-2.6331e-10,1.8651e-13,-8.7945e-13,-2.6331e-10,1,0.0018614,0,-0.0004086,0.199
0.011658,-5.022e-17,1.6135e-09,1.0241,-1.6289e-16,1.6135e-09,1.0241,1.9198e-13,-8.4036e-13,-2.6364e-10,1.9198e-13,-8.4036e-13,-2.6364e-10,1,0.0018659,0,-0.00040406,0.199
0.011658,-5.1071e-17,1.601e-09,1.025,-1.6459e-16,1.601e-09,1.025,1.9746e-13,-8.0126e-13,-2.6397e-10,1.9746e-13,-8.0126e-13,-2.6397e-10,1,0.0018705,0,-0.00039952,0.199
0.011658,-5.1922e-17,1.5886e-09,1.0259,-1.6629e-16,1.5886e-09,1.0259,2.0293e-13,-7.6217e-13,-2.643e-10,2.0293e-13,-7.6217e-13,-2.643e-10,1,0.001875,0,-0.00039498,0.199
0.011658,-5.2772e-17,1.5761e-09,1.0268,-1.6799e-16,1.5761e-09,1.0268,2.0841e-13,-7.2307e-13,-2.6463e-10,2.0841e-13,-7.2307e-13,-2.6463e-10,1,0.0018796,0,-0.00039044,0.199
0.011658,-5.3623e-17,1.5636e-09,1.0277,-1.697e-16,1.5636e-09,1.0277,2.1388e-13,-6.8397e-13,-2.6496e-10,2.1388e-13,-6.8397e-13,-2.6496e-10,1,0.0018841,0,-0.0003859,0.199
0.011658,-5.4474e-17,1.5512e-09,1.0286,-1.714e-16,1.5512e-09,1.0286,2.1936e-13,-6.4488e-13,-2.6529e-10,2.1936e-13,-6.4488e-13,-2.6529e-10,1,0.0018886,0,-0.00038136,0.199
0.011658,-5.5325e-17,1.5387e-09,1.0295,-1.731e-16,1.5387e-09,1.0295,2.2484e-13,-6.0578e-13,-2.6562e-10,2.2484e-13,-6.0578e-13,-2.6562e-10,1,0.0018932,0,-0.00037682,0.199
0.011658,-5.6176e-17,1.5262e-09,1.0304,-1.748e-16,1.5262e-09,1.0304,2.3031e-13,-5.6669e-13,-2.6595e-10,2.3031e-13,-5.6669e-13,-2.6595e-10,1,0.0018977,0,-0.00037228,0.199
0.011658,-5.7027e-17,1.5138e-09,1.0313,-1.765e-16,1.5138e-09,1.0313,2.3579e-13,-5.2759e-13,-2.6628e-10,2.3579e-13,-5.2759e-13,-2.6628e-10,1,0.0019023,0,-0.00036774,0.199
0.011658,-5.7878e-17,1.5013e-09,1.0322,-1.7821e-16,1.5013e-09,1.0322,2.4126e-13,-4.885e-13,-2.6661e-10,2.4126e-13,-4.885e-13,-2.6661e-10,1,0.0019068,0,-0.0003632,0.199
0.011658,-5.8729e-17,1.4888e-09,1.0331,-1.7991e-16,1.4888e-09,1.0331,2.4674e-13,-4.494e-13,-2.6694e-10,2.4674e-13,-4.494e-13,-2.6694e-10,1,0.0019113,0,-0.00035866,0.199
0.011658,-5.9579e-17,1.4764e-09,1.034,-1.8161e-16,1.4764e-09,1.034,2.5222e-13,-4.1031e-13,-2.6727e-10,2.5222e-13,-4.1031e-13,-2.6727e-10,1,0.0019159,0,-0.00035412,0.199
0.011658,-6.043e-17,1.4639e-09,1.0349,-1.8331e-16,1.4639e-09,1.0349,2.5769e-13,-3.7121e-13,-2.676e-10,2.5769e-13,-3.7121e-13,-2.676e-10,1,0.0019204,0,-0.00034958,0.199
0.011658,-6.1281e-17,1.4514e-09,1.0358,-1.8501e-16,1.4514e-09,1.0358,2.6317e-13,-3.3212e-13,-2.6793e-10,2.6317e-13,-3.3212e-13,-2.6793e-10,1,0.001925,0,-0.00034504,0.199
0.011658,-6.2132e-17,1.439e-09,1.0367,-1.8671e-16,1.439e-09,1.0367,2.6864e-13,-2.9302e-13,-2.6826e-10,2.6864e-13,-2.9302e-13,-2.6826e-10,1,0.0019295,0,-0.0003405,0.199
0.011658,-6.2974e-17,1.4223e-09,1.0373,-1.8787e-16,1.4223e-09,1.0373,2.731e-13,-2.58e-13,-2.6849e-10,2.731e-13,-2.58e-13,-2.6849e-10,1,0.001934,0,-0.00033596,0.199
0.011658,-6.3811e-17,1.403e-09,1.0376,-1.8871e-16,1.403e-09,1.0376,2.7695e-13,-2.2541e-13,-2.6866e-10,2.7695e-13,-2.2541e-13,-2.6866e-10,1,0.0019386,0,-0.00033142,0.199
0.011658,-6.4648e-17,1.3838e-09,1.0379,-1.8955e-16,1.3838e-09,1.0379,2.8081e-13,-1.9282e-13,-2.6883e-10,2.8081e-13,-1.9282e-13,-2.6883e-10,1,0.0019431,0,-0.00032688,0.199
0.011658,-6.5485e-17,1.3646e-09,1.0382,-1.9038e-16,1.3646e-09,1.0382,2.8466e-13,-1.6024e-13,-2.69e-10,2.8466e-13,-1.6024e-13,-2.69e-10,1,0.0019477,0,-0.00032234,0.199
0.011658,-6.6322e-17,1.3454e-09,1.0385,-1.9122e-16,1.3454e-09,1.0385,2.8851e-13,-1.2765e-13,-2.6917e-10,2.8851e-13,-1.2765e-13,-2.6917e-10,1,0.0019522,0,-0.0003178,0.199
0.011658,-6.7158e-17,1.3262e-09,1.0387,-1.9206e-16,1.3262e-09,1.0387,2.9236e-13,-9.5059e-14,-2.6934e-10,2.9236e-13,-9.5059e-14,-2.6934e-10,1,0.0019567,0,-0.00031326,0.199
0.011658,-6.7995e-17,1.3069e-09,1.039,-1.929e-16,1.3069e-09,1.039,2.9621e-13,-6.2471e-14,-2.6951e-10,2.9621e-13,-6.2471e-14,-2.6951e-10,1,0.0019613,0,-0.00030872,0.199
0.011658,-6.8832e-17,1.2877e-09,1.0393,-1.9373e-16,1.2877e-09,1.0393,3.0006e-13,-2.9883e-14,-2.6968e-10,3.0006e-13,-2.9883e-14,-2.6968e-10,1,0.0019658,0,-0.00030418,0.199
0.011658,-6.9669e-17,1.2685e-09,1.0396,-1.9457e-16,1.2685e-09,1.0396,3.0392e-13,2.7054e-15,-2.6985e-10,3.0392e-13,2.7054e-15,-2.6985e-10,1,0.0019704,0,-0.00029964,0.199
0.011658,-7.0506e-17,1.2493e-09,1.0399,-1.9541e-16,1.2493e-09,1.0399,3.0777e-13,3.5294e-14,-2.7002e-10,3.0777e-13,3.5294e-14,-2.7002e-10,1,0.0019749,0,-0.0002951,0.199
0.011658,-7.1343e-17,1.2301e-09,1.0402,-1.9624e-16,1.2301e-09,1.0402,3.1162e-13,6.7882e-14,-2.7019e-10,3.1162e-13,6.7882e-14,-2.7019e-10,1,0.0019794,0,-0.00029056,0.199
0.011658,-7.2179e-17,1.2108e-09,1.0405,-1.9708e-16,1.2108e-09,1.0405,3.1547e-13,1.0047e-13,-2.7036e-10,3.1547e-13,1.0047e-13,-2.7036e-10,1,0.001984,0,-0.00028602,0.199
0.011658,-7.3016e-17,1.1916e-09,1.0408,-1.9792e-16,1.1916e-09,1.0408,3.1932e-13,1.3306e-13,-2.7054e-10,3.1932e-13,1.3306e-13,-2.7054e-10,1,0.0019885,0,-0.00028148,0.199
0.011658,-7.3853e-17,1.1724e-09,1.0411,-1.9875e-16,1.1724e-09,1.0411,3.2318e-13,1.6565e-13,-2.7071e-10,3.2318e-13,1.6565e-13,-2.7071e-10,1,0.0019931,0,-0.00027694,0.199
0.011658,-7.469e-17,1.1532e-09,1.0414,-1.9959e-16,1.1532e-09,1.0414,3.2703e-13,1.9823e-13,-2.7088e-10,3.2703e-13,1.9823e-13,-2.7088e-10,1,0.0019976,0,-0.0002724,0.199
0.011658,-7.5527e-17,1.134e-09,1.0417,-2.0043e-16,1.134e-09,1.0417,3.3088e-13,2.3082e-13,-2.7105e-10,3.3088e-13,2.3082e-13,-2.7105e-10,1,0.0020021,0,-0.00026786,0.199
0.011658,-7.6364e-17,1.1147e-09,1.042,-2.0126e-16,1.1147e-09,1.042,3.3473e-13,2.6341e-13,-2.7122e-10,3.3473e-13,2.6341e-13,-2.7122e-10,1,0.0020067,0,-0.00026332,0.199
0.011658,-7.72e-17,1.0955e-09,1.0423,-2.021e-16,1.0955e-09,1.0423,3.3858e-13,2.96e-13,-2.7139e-10,3.3858e-13,2.96e-13,-2.7139e-10,1,0.0020112,0,-0.00025878,0.199
0.011658,-7.8037e-17,1.0763e-09,1.0426,-2.0294e-16,1.0763e-09,1.0426,3.4243e-13,3.2859e-13,-2.7156e-10,3.4243e-13,3.2859e-13,-2.7156e-10,1,0.0020158,0,-0.00025424,0.199
0.011658,-7.8874e-17,1.0571e-09,1.0429,-2.0377e-16,1.0571e-09,1.0429,3.4629e-13,3.6118e-13,-2.7173e-10,3.4629e-13,3.6118e-13,-2.7173e-10,1,0.0020203,0,-0.0002497,0.199
0.011658,-7.9711e-17,1.0379e-09,1.0432,-2.0461e-16,1.0379e-09,1.0432,3.5014e-13,3.9376e-13,-2.719e-10,3.5014e-13,3.9376e-13,-2.719e-10,1,0.0020248,0,-0.00024516,0.199
0.011658,-8.0548e-17,1.0186e-09,1.0435,-2.0545e-16,1.0186e-09,1.0435,3.5399e-13,4.2635e-13,-2.7207e-10,3.5399e-13,4.2635e-13,-2.7207e-10,1,0.0020294,0,-0.00024062,0.199
0.011658,-8.1385e-17,9.9942e-10,1.0438,-2.0628e-16,9.9942e-10,1.0438,3.5784e-13,4.5894e-13,-2.7224e-10,3.5784e-13,4.5894e-13,-2.7224e-10,1,0.0020339,0,-0.00023608,0.199
0.011658,-8.2221e-17,9.802e-10,1.0441,-2.0712e-16,9.802e-10,1.0441,3.6169e-13,4.9153e-13,-2.7241e-10,3.6169e-13,4.9153e-13,-2.7241e-10,1,0.0020385,0,-0.00023154,0.199
0.011658,-8.3058e-17,9.6098e-10,1.0444,-2.0796e-16,9.6098e-10,1.0444,3.6555e-13,5.2412e-13,-2.7258e-10,3.6555e-13,5.2412e-13,-2.7258e-10,1,0.002043,0,-0.000227,0.199
0.011658,-8.3895e-17,9.4176e-10,1.0447,-2.088e-16,9.4176e-10,1.0447,3.694e-13,5.5671e-13,-2.7276e-10,3.694e-13,5.5671e-13,-2.7276e-10,1,0.0020475,0,-0.00022246,0.199
0.011658,-8.4732e-17,9.2254e-10,1.045,-2.0963e-16,9.2254e-10,1.045,3.7325e-13,5.8929e-13,-2.7293e-10,3.7325e-13,5.8929e-13,-2.7293e-10,1,0.0020521,0,-0.00021792,0.199
0.011658,-6.8337e-17,9.0332e-10,1.0453,-1.9324e-16,9.0332e-10,1.0453,3.771e-13,6.2188e-13,-2.731e-10,3.771e-13,6.2188e-13,-2.731e-10,1,0.0020566,0,-0.00021338,0.199
0.011658,-7.2537e-17,8.841e-10,1.0456,-1.9744e-16,8.841e-10,1.0456,3.8095e-13,6.5447e-13,-2.7327e-10,3.8095e-13,6.5447e-13,-2.7327e-10,1,0.0020612,0,-0.00020884,0.199
0.011658,-7.6375e-17,8.6488e-10,1.0459,-2.0128e-16,8.6488e-10,1.0459,3.8481e-13,6.8706e-13,-2.7344e-10,3.8481e-13,6.8706e-13,-2.7344e-10,1,0.0020657,0,-0.0002043,0.199
0.011658,-7.985e-17,8.4566e-10,1.0462,-2.0475e-16,8.4566e-10,1.0462,3.8866e-13,7.1965e-13,-2.7361e-10,3.8866e-13,7.1965e-13,-2.7361e-10,1,0.0020702,0,-0.00019976,0.199
0.011658,-8.2959e-17,8.2644e-10,1.0465,-2.0786e-16,8.2644e-10,1.0465,3.9251e-13,7.5224e-13,-2.7378e-10,3.9251e-13,7.5224e-13,-2.7378e-10,1,0.0020748,0,-0.00019522,0.199
0.011658,-8.5704e-17,8.0722e-10,1.0468,-2.106e-16,8.0722e-10,1.0468,3.9636e-13,7.8482e-13,-2.7395e-10,3.9636e-13,7.8482e-13,-2.7395e-10,1,0.0020793,0,-0.00019068,0.199
0.011658,-8.8082e-17,7.8801e-10,1.0471,-2.1298e-16,7.88e-10,1.0471,4.0021e-13,8.1741e-13,-2.7412e-10,4.0021e-13,8.1741e-13,-2.7412e-10,1,0.0020839,0,-0.00018614,0.199
0.011658,-9.0094e-17,7.6879e-10,1.0474,-2.1499e-16,7.6879e-10,1.0474,4.0406e-13,8.5e-13,-2.7429e-10,4.0406e-13,8.5e-13,-2.7429e-10,1,0.0020884,0,-0.0001816,0.199
0.011658,-9.1738e-17,7.4957e-10,1.0477,-2.1664e-16,7.4957e-10,1.0477,4.0792e-13,8.8259e-13,-2.7446e-10,4.0792e-13,8.8259e-13,-2.7446e-10,1,0.0020929,0,-0.00017706,0.199
0.011658,-9.3013e-17,7.3035e-10,1.048,-2.1791e-16,7.3035e-10,1.048,4.1177e-13,9.1518e-13,-2.7463e-10,4.1177e-13,9.1518e-13,-2.7463e-10,1,0.0020975,0,-0.00017252,0.199
0.011658,-9.3919e-17,7.1113e-10,1.0483,-2.1882e-16,7.1113e-10,1.0483,4.1562e-13,9.4776e-13,-2.7481e-10,4.1562e-13,9.4776e-13,-2.7481e-10,1,0.002102,0,-0.00016798,0.199
0.011658,-9.4455e-17,6.9191e-10,1.0486,-2.1935e-16,6.9191e-10,1.0486,4.1947e-13,9.8035e-13,-2.7498e-10,4.1947e-13,9.8035e-13,-2.7498e-10,1,0.0021066,0,-0.00016344,0.199
0.011658,-9.4619e-17,6.7269e-10,1.0489,-2.1952e-16,6.7269e-10,1.0489,4.2332e-13,1.0129e-12,-2.7515e-10,4.2332e-13,1.0129e-12,-2.7515e-10,1,0.0021111,0,-0.0001589,0.199
0.011658,-9.4412e-17,6.5347e-10,1.0492,-2.1931e-16,6.5347e-10,1.0492,4.2718e-13,1.0455e-12,-2.7532e-10,4.2718e-13,1.0455e-12,-2.7532e-10,1,0.0021156,0,-0.00015436,0.199
0.011658,-9.3832e-17,6.3425e-10,1.0495,-2.1873e-16,6.3425e-10,1.0495,4.3103e-13,1.0781e-12,-2.7549e-10,4.3103e-13,1.0781e-12,-2.7549e-10,1,0.0021202,0,-0.00014982,0.199
0.011658,-9.2879e-17,6.1503e-10,1.0498,-2.1778e-16,6.1503e-10,1.0498,4.3488e-13,1.1107e-12,-2.7566e-10,4.3488e-13,1.1107e-12,-2.7566e-10,1,0.0021247,0,-0.00014528,0.199
0.011658,-9.1551e-17,5.9581e-10,1.0501,-2.1645e-16,5.9581e-10,1.0501,4.3873e-13,1.1433e-12,-2.7583e-10,4.3873e-13,1.1433e-12,-2.7583e-10,1,0.0021293,0,-0.00014074,0.199
0.011658,-8.9849e-17,5.7659e-10,1.0504,-2.1475e-16,5.7659e-10,1.0504,4.4258e-13,1.1759e-12,-2.76e-10,4.4258e-13,1.1759e-12,-2.76e-10,1,0.0021338,0,-0.0001362,0.199
0.011658,-8.777e-17,5.5737e-10,1.0507,-2.1267e-16,5.5737e-10,1.0507,4.4643e-13,1.2085e-12,-2.7617e-10,4.4643e-13,1.2085e-12,-2.7617e-10,1,0.0021383,0,-0.00013166,0.199
0.011658,-8.5315e-17,5.3815e-10,1.0509,-2.1021e-16,5.3815e-10,1.0509,4.5029e-13,1.2411e-12,-2.7634e-10,4.5029e-13,1.2411e-12,-2.7634e-10,1,0.0021429,0,-0.00012712,0.199
0.011658,-8.2482e-17,5.1893e-10,1.0512,-2.0738e-16,5.1893e-10,1.0512,4.5414e-13,1.2736e-12,-2.7651e-10,4.5414e-13,1.2736e-12,-2.7651e-10,1,0.0021474,0,-0.00012258,0.199
0.011658,-1.0314e-16,4.9971e-10,1.0515,-2.2804e-16,4.9971e-10,1.0515,4.5799e-13,1.3062e-12,-2.7668e-10,4.5799e-13,1.3062e-12,-2.7668e-10,1,0.002152,0,-0.00011804,0.199
0.011658,-1.0398e-16,4.8049e-10,1.0518,-2.2888e-16,4.8049e-10,1.0518,4.6184e-13,1.3388e-12,-2.7685e-10,4.6184e-13,1.3388e-12,-2.7685e-10,1,0.0021565,0,-0.0001135,0.199
0.011658,-1.0482e-16,4.6127e-10,1.0521,-2.2972e-16,4.6127e-10,1.0521,4.6569e-13,1.3714e-12,-2.7703e-10,4.6569e-13,1.3714e-12,-2.7703e-10,1,0.002161,0,-0.00010896,0.199
0.011658,-1.0565e-16,4.4205e-10,1.0524,-2.3055e-16,4.4205e-10,1.0524,4.6955e-13,1.404e-12,-2.772e-10,4.6955e-13,1.404e-12,-2.772e-10,1,0.0021656,0,-0.00010442,0.199
0.011658,-1.0649e-16,4.2283e-10,1.0527,-2.3139e-16,4.2283e-10,1.0527,4.734e-13,1.4366e-12,-2.7737e-10,4.734e-13,1.4366e-12,-2.7737e-10,1,0.0021701,0,-9.988e-05,0.199
0.011658,-1.0733e-16,4.0361e-10,1.053,-2.3223e-16,4.0361e-10,1.053,4.7725e-13,1.4692e-12,-2.7754e-10,4.7725e-13,1.4692e-12,-2.7754e-10,1,0.0021747,0,-9.534e-05,0.199
0.011658,-1.0816e-16,3.8439e-10,1.0533,-2.3306e-16,3.8439e-10,1.0533,4.811e-13,1.5018e-12,-2.7771e-10,4.811e-13,1.5018e-12,-2.7771e-10,1,0.0021792,0,-9.08e-05,0.199
0.011658,-1.09e-16,3.6517e-10,1.0536,-2.339e-16,3.6517e-10,1.0536,4.8495e-13,1.5344e-12,-2.7788e-10,4.8495e-13,1.5344e-12,-2.7788e-10,1,0.0021837,0,-8.626e-05,0.199
0.011658,-1.0984e-16,3.4595e-10,1.0539,-2.3474e-16,3.4595e-10,1.0539,4.888e-13,1.5669e-12,-2.7805e-10,4.888e-13,1.5669e-12,-2.7805e-10,1,0.0021883,0,-8.172e-05,0.199
0.011658,-1.1067e-16,3.2673e-10,1.0542,-2.3557e-16,3.2673e-10,1.0542,4.9266e-13,1.5995e-12,-2.7822e-10,4.9266e-13,1.5995e-12,-2.7822e-10,1,0.0021928,0,-7.718e-05,0.199
0.011658,-1.1151e-16,3.0751e-10,1.0545,-2.3641e-16,3.0751e-10,1.0545,4.9651e-13,1.6321e-12,-2.7839e-10,4.9651e-13,1.6321e-12,-2.7839e-10,1,0.0021974,0,-7.264e-05,0.199
0.011658,-1.1235e-16,2.8829e-10,1.0548,-2.3725e-16,2.8829e-10,1.0548,5.0036e-13,1.6647e-12,-2.7856e-10,5.0036e-13,1.6647e-12,-2.7856e-10,1,0.0022019,0,-6.81e-05,0.199
0.011658,-1.1318e-16,2.6907e-10,1.0551,-2.3808e-16,2.6907e-10,1.0551,5.0421e-13,1.6973e-12,-2.7873e-10,5.0421e-13,1.6973e-12,-2.7873e-10,1,0.0022064,0,-6.356e-05,0.199
0.011658,-1.1402e-16,2.4985e-10,1.0554,-2.3892e-16,2.4985e-10,1.0554,5.0806e-13,1.7299e-12,-2.789e-10,5.0806e-13,1.7299e-12,-2.789e-10,1,0.002211,0,-5.902e-05,0.199
0.011658,-1.1486e-16,2.3064e-10,1.0557,-2.3976e-16,2.3063e-10,1.0557,5.1192e-13,1.7625e-12,-2.7907e-10,5.1192e-13,1.7625e-12,-2.7907e-10,1,0.0022155,0,-5.448e-05,0.199
0.011658,-1.1569e-16,2.1142e-10,1.056,-2.4059e-16,2.1142e-10,1.056,5.1577e-13,1.7951e-12,-2.7925e-10,5.1577e-13,1.7951e-12,-2.7925e-10,1,0.0022201,0,-4.994e-05,0.199
0.011658,-1.1653e-16,1.922e-10,1.0563,-2.4143e-16,1.922e-10,1.0563,5.1962e-13,1.8276e-12,-2.7942e-10,5.1962e-13,1.8276e-12,-2.7942e-10,1,0.0022246,0,-4.54e-05,0.199
0.011658,-1.1737e-16,1.7298e-10,1.0566,-2.4227e-16,1.7298e-10,1.0566,5.2347e-13,1.8602e-12,-2.7959e-10,5.2347e-13,1.8602e-12,-2.7959e-10,1,0.0022291,0,-4.086e-05,0.199
0.011658,-1.1821e-16,1.5376e-10,1.0569,-2.4311e-16,1.5376e-10,1.0569,5.2732e-13,1.8928e-12,-2.7976e-10,5.2732e-13,1.8928e-12,-2.7976e-10,1,0.0022337,0,-3.632e-05,0.199
0.011658,-1.1904e-16,1.3454e-10,1.0572,-2.4394e-16,1.3454e-10,1.0572,5.3118e-13,1.9254e-12,-2.7993e-10,5.3118e-13,1.9254e-12,-2.7993e-10,1,0.0022382,0,-3.178e-05,0.199
0.011658,-1.1988e-16,1.1532e-10,1.0575,-2.4478e-16,1.1532e-10,1.0575,5.3503e-13,1.958e-12,-2.801e-10,5.3503e-13,1.958e-12,-2.801e-10,1,0.0022428,0,-2.724e-05,0.199
0.011658,-1.2072e-16,9.6098e-11,1.0578,-2.4562e-16,9.6097e-11,1.0578,5.3888e-13,1.9906e-12,-2.8027e-10,5.3888e-13,1.9906e-12,-2.8027e-10,1,0.0022473,0,-2.27e-05,0.199
0.011658,-1.2155e-16,7.6878e-11,1.0581,-2.4645e-16,7.6878e-11,1.0581,5.4273e-13,2.0232e-12,-2.8044e-10,5.4273e-13,2.0232e-12,-2.8044e-10,1,0.0022518,0,-1.816e-05,0.199
0.011658,-1.2239e-16,5.7658e-11,1.0584,-2.4729e-16,5.7658e-11,1.0584,5.4658e-13,2.0558e-12,-2.8061e-10,5.4658e-13,2.0558e-12,-2.8061e-10,1,0.0022564,0,-1.362e-05,0.199
0.011658,-1.2323e-16,3.8439e-11,1.0587,-2.4813e-16,3.8438e-11,1.0587,5.5043e-13,2.0884e-12,-2.8078e-10,5.5043e-13,2.0884e-12,-2.8078e-10,1,0.0022609,0,-9.08e-06,0.199
0.011658,-1.2406e-16,1.9219e-11,1.059,-2.4896e-16,1.9219e-11,1.059,5.5429e-13,2.1209e-12,-2.8095e-10,5.5429e-13,2.1209e-12,-2.8095e-10,1,0.0022655,0,-4.54e-06,0.199
0.011658,-1.249e-16,-4.996e-16,1.0593,-2.498e-16,-8.743e-16,1.0593,5.5814e-13,2.1535e-12,-2.8112e-10,5.5814e-13,2.1535e-12,-2.8112e-10,1,0.00227,0,0,0.199
0.011658,1.0368e-12,-1.8183e-11,1.059,1.0367e-12,-1.8184e-11,1.059,5.5744e-13,2.1574e-12,-2.8103e-10,5.5744e-13,2.1574e-12,-2.8103e-10,1,0.0022745,0,4.54e-06,0.199
0.011658,2.0737e-12,-3.6366e-11,1.0587,2.0736e-12,-3.6366e-11,1.0587,5.5674e-13,2.1613e-12,-2.8094e-10,5.5674e-13,2.1613e-12,-2.8094e-10,1,0.0022791,0,9.08e-06,0.199
0.011658,3.1106e-12,-5.4549e-11,1.0584,3.1105e-12,-5.4549e-11,1.0584,5.5605e-13,2.1652e-12,-2.8085e-10,5.5605e-13,2.1652e-12,-2.8085e-10,1,0.0022836,0,1.362e-05,0.199
0.011658,4.1475e-12,-7.2731e-11,1.0581,4.1474e-12,-7.2732e-11,1.0581,5.5535e-13,2.1691e-12,-2.8076e-10,5.5535e-13,2.1691e-12,-2.8076e-10,1,0.0022882,0,1.816e-05,0.199
0.011658,5.1844e-12,-9.0914e-11,1.0578,5.1843e-12,-9.0915e-11,1.0578,5.5465e-13,2.1729e-12,-2.8067e-10,5.5465e-13,2.1729e-12,-2.8067e-10,1,0.0022927,0,2.27e-05,0.199
0.011658,6.2213e-12,-1.091e-10,1.0575,6.2212e-12,-1.091e-10,1.0575,5.5395e-13,2.1768e-12,-2.8058e-10,5.5395e-13,2.1768e-12,-2.8058e-10,1,0.0022972,0,2.724e-05,0.199
0.011658,7.2582e-12,-1.2728e-10,1.0572,7.2581e-12,-1.2728e-10,1.0572,5.5325e-13,2.1807e-12,-2.8049e-10,5.5325e-13,2.1807e-12,-2.8049e-10,1,0.0023018,0,3.178e-05,0.199
0.011658,8.2951e-12,-1.4546e-10,1.0569,8.295e-12,-1.4546e-10,1.0569,5.5256e-13,2.1846e-12,-2.804e-10,5.5256e-13,2.1846e-12,-2.804e-10,1,0.0023063,0,3.632e-05,0.199
0.011658,9.332e-12,-1.6365e-10,1.0566,9.3319e-12,-1.6365e-10,1.0566,5.5186e-13,2.1885e-12,-2.8031e-10,5.5186e-13,2.1885e-12,-2.8031e-10,1,0.0023109,0,4.086e-05,0.199
0.011658,1.0369e-11,-1.8183e-10,1.0563,1.0369e-11,-1.8183e-10,1.0563,5.5116e-13,2.1923e-12,-2.8022e-10,5.5116e-13,2.1923e-12,-2.8022e-10,1,0.0023154,0,4.54e-05,0.199
0.011658,1.1406e-11,-2.0001e-10,1.056,1.1406e-11,-2.0001e-10,1.056,5.5046e-13,2.1962e-12,-2.8013e-10,5.5046e-13,2.1962e-12,-2.8013e-10,1,0.0023199,0,4.994e-05,0.199
0.011658,1.2443e-11,-2.1819e-10,1.0557,1.2443e-11,-2.1819e-10,1.0557,5.4977e-13,2.2001e-12,-2.8004e-10,5.4977e-13,2.2001e-12,-2.8004e-10,1,0.0023245,0,5.448e-05,0.199
0.011658,1.348e-11,-2.3638e-10,1.0554,1.348e-11,-2.3638e-10,1.0554,5.4907e-13,2.204e-12,-2.7995e-10,5.4907e-13,2.204e-12,-2.7995e-10,1,0.002329,0,5.902e-05,0.199
0.011658,1.4517e-11,-2.5456e-10,1.0551,1.4516e-11,-2.5456e-10,1.0551,5.4837e-13,2.2079e-12,-2.7986e-10,5.4837e-13,2.2079e-12,-2.7986e-10,1,0.0023336,0,6.356e-05,0.199
0.011658,1.5553e-11,-2.7274e-10,1.0548,1.5553e-11,-2.7274e-10,1.0548,5.4767e-13,2.2118e-12,-2.7977e-10,5.4767e-13,2.2118e-12,-2.7977e-10,1,0.0023381,0,6.81e-05,0.199
0.011658,1.659e-11,-2.9092e-10,1.0545,1.659e-11,-2.9092e-10,1.0545,5.4698e-13,2.2156e-12,-2.7968e-10,5.4698e-13,2.2156e-12,-2.7968e-10,1,0.0023426,0,7.264e-05,0.199
0.011658,1.7627e-11,-3.0911e-10,1.0542,1.7627e-11,-3.0911e-10,1.0542,5.4628e-13,2.2195e-12,-2.7959e-10,5.4628e-13,2.2195e-12,-2.7959e-10,1,0.0023472,0,7.718e-05,0.199
0.011658,1.8664e-11,-3.2729e-10,1.0539,1.8664e-11,-3.2729e-10,1.0539,5.4558e-13,2.2234e-12,-2.795e-10,5.4558e-13,2.2234e-12,-2.795e-10,1,0.0023517,0,8.172e-05,0.199
0.011658,1.9701e-11,-3.4547e-10,1.0536,1.9701e-11,-3.4547e-10,1.0536,5.4488e-13,2.2273e-12,-2.7941e-10,5.4488e-13,2.2273e-12,-2.7941e-10,1,0.0023563,0,8.626e-05,0.199
0.011658,2.0738e-11,-3.6366e-10,1.0533,2.0738e-11,-3.6366e-10,1.0533,5.4419e-13,2.2312e-12,-2.7932e-10,5.4419e-13,2.2312e-12,-2.7932e-10,1,0.0023608,0,9.08e-05,0.199
0.011658,2.1775e-11,-3.8184e-10,1.053,2.1775e-11,-3.8184e-10,1.053,5.4349e-13,2.235e-12,-2.7923e-10,5.4349e-13,2.235e-12,-2.7923e-10,1,0.0023653,0,9.534e-05,0.199
0.011658,2.2812e-11,-4.0002e-10,1.0527,2.2812e-11,-4.0002e-10,1.0527,5.4279e-13,2.2389e-12,-2.7914e-10,5.4279e-13,2.2389e-12,-2.7914e-10,1,0.0023699,0,9.988e-05,0.199
0.011658,2.3849e-11,-4.182e-10,1.0524,2.3849e-11,-4.182e-10,1.0524,5.4209e-13,2.2428e-12,-2.7905e-10,5.4209e-13,2.2428e-12,-2.7905e-10,1,0.0023744,0,0.00010442,0.199
0.011658,2.4886e-11,-4.3639e-10,1.0521,2.4885e-11,-4.3639e-10,1.0521,5.414e-13,2.2467e-12,-2.7896e-10,5.414e-13,2.2467e-12,-2.7896e-10,1,0.002379,0,0.00010896,0.199
0.011658,-1.0398e-16,-4.8049e-10,1.0518,-2.0796e-16,-4.8049e-10,1.0518,4.4824e-13,2.3817e-12,-2.7898e-10,4.4824e-13,2.3817e-12,-2.7898e-10,1,0.0023835,0,0.0001135,0.199
0.011658,-1.0314e-16,-4.9971e-10,1.0515,-2.0628e-16,-4.9971e-10,1.0515,4.4384e-13,2.3908e-12,-2.7889e-10,4.4384e-13,2.3908e-12,-2.7889e-10,1,0.002388,0,0.00011804,0.199
0.011658,-1.0231e-16,-5.1893e-10,1.0512,-2.0461e-16,-5.1893e-10,1.0512,4.3945e-13,2.3999e-12,-2.788e-10,4.3945e-13,2.3999e-12,-2.788e-10,1,0.0023926,0,0.00012258,0.199
0.011658,-1.0147e-16,-5.3815e-10,1.0509,-2.0294e-16,-5.3815e-10,1.0509,4.3505e-13,2.409e-12,-2.7872e-10,4.3505e-13,2.409e-12,-2.7872e-10,1,0.0023971,0,0.00012712,0.199
0.011658,-1.0063e-16,-5.5737e-10,1.0507,-2.0126e-16,-5.5737e-10,1.0507,4.3065e-13,2.4182e-12,-2.7863e-10,4.3065e-13,2.4182e-12,-2.7863e-10,1,0.0024017,0,0.00013166,0.199
0.011658,-9.9795e-17,-5.7659e-10,1.0504,-1.9959e-16,-5.7659e-10,1.0504,4.2626e-13,2.4273e-12,-2.7855e-10,4.2626e-13,2.4273e-12,-2.7855e-10,1,0.0024062,0,0.0001362,0.199
0.011658,-9.8958e-17,-5.9581e-10,1.0501,-1.9792e-16,-5.9581e-10,1.0501,4.2186e-13,2.4364e-12,-2.7846e-10,4.2186e-13,2.4364e-12,-2.7846e-10,1,0.0024107,0,0.00014074,0.199
0.011658,-9.8121e-17,-6.1503e-10,1.0498,-1.9624e-16,-6.1503e-10,1.0498,4.1747e-13,2.4455e-12,-2.7837e-10,4.1747e-13,2.4455e-12,-2.7837e-10,1,0.0024153,0,0.00014528,0.199
0.011658,-9.7285e-17,-6.3425e-10,1.0495,-1.9457e-16,-6.3425e-10,1.0495,4.1307e-13,2.4547e-12,-2.7829e-10,4.1307e-13,2.4547e-12,-2.7829e-10,1,0.0024198,0,0.00014982,0.199
0.011658,-9.6448e-17,-6.5347e-10,1.0492,-1.929e-16,-6.5347e-10,1.0492,4.0868e-13,2.4638e-12,-2.782e-10,4.0868e-13,2.4638e-12,-2.782e-10,1,0.0024244,0,0.00015436,0.199
0.011658,-9.5611e-17,-6.7269e-10,1.0489,-1.9122e-16,-6.7269e-10,1.0489,4.0428e-13,2.4729e-12,-2.7812e-10,4.0428e-13,2.4729e-12,-2.7812e-10,1,0.0024289,0,0.0001589,0.199
0.011658,-9.4774e-17,-6.9191e-10,1.0486,-1.8955e-16,-6.9191e-10,1.0486,3.9988e-13,2.482e-12,-2.7803e-10,3.9988e-13,2.482e-12,-2.7803e-10,1,0.0024334,0,0.00016344,0.199
0.011658,-9.3937e-17,-7.1113e-10,1.0483,-1.8787e-16,-7.1113e-10,1.0483,3.9549e-13,2.4912e-12,-2.7795e-10,3.9549e-13,2.4912e-12,-2.7795e-10,1,0.002438,0,0.00016798,0.199
0.011658,-9.31e-17,-7.3035e-10,1.048,-1.862e-16,-7.3035e-10,1.048,3.9109e-13,2.5003e-12,-2.7786e-10,3.9109e-13,2.5003e-12,-2.7786e-10,1,0.0024425,0,0.00017252,0.199
0.011658,-9.2263e-17,-7.4957e-10,1.0477,-1.8453e-16,-7.4957e-10,1.0477,3.867e-13,2.5094e-12,-2.7777e-10,3.867e-13,2.5094e-12,-2.7777e-10,1,0.0024471,0,0.00017706,0.199
0.011658,-9.1427e-17,-7.6879e-10,1.0474,-1.8285e-16,-7.6879e-10,1.0474,3.823e-13,2.5185e-12,-2.7769e-10,3.823e-13,2.5185e-12,-2.7769e-10,1,0.0024516,0,0.0001816,0.199
0.011658,-9.059e-17,-7.8801e-10,1.0471,-1.8118e-16,-7.8801e-10,1.0471,3.779e-13,2.5277e-12,-2.776e-10,3.779e-13,2.5277e-12,-2.776e-10,1,0.0024561,0,0.00018614,0.199
0.011658,-8.9753e-17,-8.0723e-10,1.0468,-1.7951e-16,-8.0723e-10,1.0468,3.7351e-13,2.5368e-12,-2.7752e-10,3.7351e-13,2.5368e-12,-2.7752e-10,1,0.0024607,0,0.00019068,0.199
0.011658,-8.8916e-17,-8.2645e-10,1.0465,-1.7783e-16,-8.2645e-10,1.0465,3.6911e-13,2.5459e-12,-2.7743e-10,3.6911e-13,2.5459e-12,-2.7743e-10,1,0.0024652,0,0.00019522,0.199
0.011658,-8.8079e-17,-8.4566e-10,1.0462,-1.7616e-16,-8.4567e-10,1.0462,3.6472e-13,2.555e-12,-2.7734e-10,3.6472e-13,2.555e-12,-2.7734e-10,1,0.0024698,0,0.00019976,0.199
0.011658,-8.7242e-17,-8.6488e-10,1.0459,-1.7448e-16,-8.6489e-10,1.0459,3.6032e-13,2.5642e-12,-2.7726e-10,3.6032e-13,2.5642e-12,-2.7726e-10,1,0.0024743,0,0.0002043,0.199
0.011658,-8.6406e-17,-8.841e-10,1.0456,-1.7281e-16,-8.8411e-10,1.0456,3.5592e-13,2.5733e-12,-2.7717e-10,3.5592e-13,2.5733e-12,-2.7717e-10,1,0.0024788,0,0.00020884,0.199
0.011658,-8.5569e-17,-9.0332e-10,1.0453,-1.7114e-16,-9.0332e-10,1.0453,3.5153e-13,2.5824e-12,-2.7709e-10,3.5153e-13,2.5824e-12,-2.7709e-10,1,0.0024834,0,0.00021338,0.199
0.011658,-8.4732e-17,-9.2254e-10,1.045,-1.6946e-16,-9.2254e-10,1.045,3.4713e-13,2.5915e-12,-2.77e-10,3.4713e-13,2.5915e-12,-2.77e-10,1,0.0024879,0,0.00021792,0.199
0.011658,-8.3895e-17,-9.4176e-10,1.0447,-1.6779e-16,-9.4176e-10,1.0447,3.4274e-13,2.6007e-12,-2.7691e-10,3.4274e-13,2.6007e-12,-2.7691e-10,1,0.0024925,0,0.00022246,0.199
0.011658,-8.3058e-17,-9.6098e-10,1.0444,-1.6612e-16,-9.6098e-10,1.0444,3.3834e-13,2.6098e-12,-2.7683e-10,3.3834e-13,2.6098e-12,-2.7683e-10,1,0.002497,0,0.000227,0.199
0.011658,-8.2221e-17,-9.802e-10,1.0441,-1.6444e-16,-9.802e-10,1.0441,3.3394e-13,2.6189e-12,-2.7674e-10,3.3394e-13,2.6189e-12,-2.7674e-10,1,0.0025015,0,0.00023154,0.199
0.011658,-8.1385e-17,-9.9942e-10,1.0438,-1.6277e-16,-9.9942e-10,1.0438,3.2955e-13,2.628e-12,-2.7666e-10,3.2955e-13,2.628e-12,-2.7666e-10,1,0.0025061,0,0.00023608,0.199
0.011658,-8.0548e-17,-1.0186e-09,1.0435,-1.611e-16,-1.0186e-09,1.0435,3.2515e-13,2.6372e-12,-2.7657e-10,3.2515e-13,2.6372e-12,-2.7657e-10,1,0.0025106,0,0.00024062,0.199
0.011658,-7.9711e-17,-1.0379e-09,1.0432,-1.5942e-16,-1.0379e-09,1.0432,3.2076e-13,2.6463e-12,-2.7648e-10,3.2076e-13,2.6463e-12,-2.7648e-10,1,0.0025152,0,0.00024516,0.199
0.011658,-7.8874e-17,-1.0571e-09,1.0429,-1.5775e-16,-1.0571e-09,1.0429,3.1636e-13,2.6554e-12,-2.764e-10,3.1636e-13,2.6554e-12,-2.764e-10,1,0.0025197,0,0.0002497,0.199
0.011658,-7.8037e-17,-1.0763e-09,1.0426,-1.5607e-16,-1.0763e-09,1.0426,3.1196e-13,2.6645e-12,-2.7631e-10,3.1196e-13,2.6645e-12,-2.7631e-10,1,0.0025242,0,0.00025424,0.199
0.011658,-7.72e-17,-1.0955e-09,1.0423,-1.544e-16,-1.0955e-09,1.0423,3.0757e-13,2.6737e-12,-2.7623e-10,3.0757e-13,2.6737e-12,-2.7623e-10,1,0.0025288,0,0.00025878,0.199
0.011658,-7.6364e-17,-1.1147e-09,1.042,-1.5273e-16,-1.1147e-09,1.042,3.0317e-13,2.6828e-12,-2.7614e-10,3.0317e-13,2.6828e-12,-2.7614e-10,1,0.0025333,0,0.00026332,0.199
0.011658,-7.5527e-17,-1.134e-09,1.0417,-1.5105e-16,-1.134e-09,1.0417,2.9878e-13,2.6919e-12,-2.7606e-10,2.9878e-13,2.6919e-12,-2.7606e-10,1,0.0025379,0,0.00026786,0.199
0.011658,-7.469e-17,-1.1532e-09,1.0414,-1.4938e-16,-1.1532e-09,1.0414,2.9438e-13,2.701e-12,-2.7597e-10,2.9438e-13,2.701e-12,-2.7597e-10,1,0.0025424,0,0.0002724,0.199
0.011658,-7.3853e-17,-1.1724e-09,1.0411,-1.4771e-16,-1.1724e-09,1.0411,2.8998e-13,2.7102e-12,-2.7588e-10,2.8998e-13,2.7102e-12,-2.7588e-10,1,0.0025469,0,0.00027694,0.199
0.011658,-7.3016e-17,-1.1916e-09,1.0408,-1.4603e-16,-1.1916e-09,1.0408,2.8559e-13,2.7193e-12,-2.758e-10,2.8559e-13,2.7193e-12,-2.758e-10,1,0.0025515,0,0.00028148,0.199
0.011658,-7.2179e-17,-1.2108e-09,1.0405,-1.4436e-16,-1.2108e-09,1.0405,2.8119e-13,2.7284e-12,-2.7571e-10,2.8119e-13,2.7284e-12,-2.7571e-10,1,0.002556,0,0.00028602,0.199
0.011658,-7.1343e-17,-1.2301e-09,1.0402,-1.4269e-16,-1.2301e-09,1.0402,2.768e-13,2.7375e-12,-2.7563e-10,2.768e-13,2.7375e-12,-2.7563e-10,1,0.0025606,0,0.00029056,0.199
0.011658,-7.0506e-17,-1.2493e-09,1.0399,-1.4101e-16,-1.2493e-09,1.0399,2.724e-13,2.7467e-12,-2.7554e-10,2.724e-13,2.7467e-12,-2.7554e-10,1,0.0025651,0,0.0002951,0.199
0.011658,-6.9669e-17,-1.2685e-09,1.0396,-1.3934e-16,-1.2685e-09,1.0396,2.68e-13,2.7558e-12,-2.7545e-10,2.68e-13,2.7558e-12,-2.7545e-10,1,0.0025696,0,0.00029964,0.199
0.011658,-6.8832e-17,-1.2877e-09,1.0393,-1.3766e-16,-1.2877e-09,1.0393,2.6361e-13,2.7649e-12,-2.7537e-10,2.6361e-13,2.7649e-12,-2.7537e-10,1,0.0025742,0,0.00030418,0.199
0.011658,-6.7995e-17,-1.3069e-09,1.039,-1.3599e-16,-1.3069e-09,1.039,2.5921e-13,2.774e-12,-2.7528e-10,2.5921e-13,2.774e-12,-2.7528e-10,1,0.0025787,0,0.00030872,0.199
0.011658,-6.7158e-17,-1.3262e-09,1.0387,-1.3432e-16,-1.3262e-09,1.0387,2.5482e-13,2.7832e-12,-2.752e-10,2.5482e-13,2.7832e-12,-2.752e-10,1,0.0025833,0,0.00031326,0.199
0.011658,-6.6322e-17,-1.3454e-09,1.0385,-1.3264e-16,-1.3454e-09,1.0385,2.5042e-13,2.7923e-12,-2.7511e-10,2.5042e-13,2.7923e-12,-2.7511e-10,1,0.0025878,0,0.0003178,0.199
0.011658,-6.5485e-17,-1.3646e-09,1.0382,-1.3097e-16,-1.3646e-09,1.0382,2.4602e-13,2.8014e-12,-2.7502e-10,2.4602e-13,2.8014e-12,-2.7502e-10,1,0.0025923,0,0.00032234,0.199
0.011658,-6.4648e-17,-1.3838e-09,1.0379,-1.293e-16,-1.3838e-09,1.0379,2.4163e-13,2.8105e-12,-2.7494e-10,2.4163e-13,2.8105e-12,-2.7494e-10,1,0.0025969,0,0.00032688,0.199
0.011658,-6.3811e-17,-1.403e-09,1.0376,-1.2762e-16,-1.403e-09,1.0376,2.3723e-13,2.8197e-12,-2.7485e-10,2.3723e-13,2.8197e-12,-2.7485e-10,1,0.0026014,0,0.00033142,0.199
0.011658,-6.2974e-17,-1.4223e-09,1.0373,-1.2595e-16,-1.4223e-09,1.0373,2.3284e-13,2.8288e-12,-2.7477e-10,2.3284e-13,2.8288e-12,-2.7477e-10,1,0.002606,0,0.00033596,0.199
0.011658,-6.245e-17,-1.439e-09,1.0367,-1.2522e-16,-1.439e-09,1.0367,2.2955e-13,2.8358e-12,-2.7455e-10,2.2955e-13,2.8358e-12,-2.7455e-10,1,0.0026105,0,0.0003405,0.199
0.011658,-6.245e-17,-1.4514e-09,1.0358,-1.2607e-16,-1.4514e-09,1.0358,2.2812e-13,2.8392e-12,-2.741e-10,2.2812e-13,2.8392e-12,-2.741e-10,1,0.002615,0,0.00034504,0.199
0.011658,-6.245e-17,-1.4639e-09,1.0349,-1.2692e-16,-1.4639e-09,1.0349,2.2669e-13,2.8425e-12,-2.7365e-10,2.2669e-13,2.8425e-12,-2.7365e-10,1,0.0026196,0,0.00034958,0.199
0.011658,-6.245e-17,-1.4764e-09,1.034,-1.2777e-16,-1.4764e-09,1.034,2.2526e-13,2.8459e-12,-2.732e-10,2.2526e-13,2.8459e-12,-2.732e-10,1,0.0026241,0,0.00035412,0.199
0.011658,-6.245e-17,-1.4888e-09,1.0331,-1.2862e-16,-1.4888e-09,1.0331,2.2383e-13,2.8493e-12,-2.7275e-10,2.2383e-13,2.8493e-12,-2.7275e-10,1,0.0026287,0,0.00035866,0.199
0.011658,-6.245e-17,-1.5013e-09,1.0322,-1.2947e-16,-1.5013e-09,1.0322,2.2239e-13,2.8527e-12,-2.723e-10,2.2239e-13,2.8527e-12,-2.723e-10,1,0.0026332,0,0.0003632,0.199
0.011658,-6.245e-17,-1.5138e-09,1.0313,-1.3032e-16,-1.5138e-09,1.0313,2.2096e-13,2.8561e-12,-2.7185e-10,2.2096e-13,2.8561e-12,-2.7185e-10,1,0.0026377,0,0.00036774,0.199
0.011658,-6.245e-17,-1.5262e-09,1.0304,-1.3117e-16,-1.5262e-09,1.0304,2.1953e-13,2.8595e-12,-2.714e-10,2.1953e-13,2.8595e-12,-2.714e-10,1,0.0026423,0,0.00037228,0.199
0.011658,-6.245e-17,-1.5387e-09,1.0295,-1.3203e-16,-1.5387e-09,1.0295,2.181e-13,2.8629e-12,-2.7095e-10,2.181e-13,2.8629e-12,-2.7095e-10,1,0.0026468,0,0.00037682,0.199
0.011658,-6.245e-17,-1.5512e-09,1.0286,-1.3288e-16,-1.5512e-09,1.0286,2.1667e-13,2.8662e-12,-2.705e-10,2.1667e-13,2.8662e-12,-2.705e-10,1,0.0026514,0,0.00038136,0.199
0.011658,-6.245e-17,-1.5636e-09,1.0277,-1.3373e-16,-1.5636e-09,1.0277,2.1524e-13,2.8696e-12,-2.7006e-10,2.1524e-13,2.8696e-12,-2.7006e-10,1,0.0026559,0,0.0003859,0.199
0.011658,-6.245e-17,-1.5761e-09,1.0268,-1.3458e-16,-1.5761e-09,1.0268,2.1381e-13,2.873e-12,-2.6961e-10,2.1381e-13,2.873e-12,-2.6961e-10,1,0.0026604,0,0.00039044,0.199
0.011658,-6.245e-17,-1.5886e-09,1.0259,-1.3543e-16,-1.5886e-09,1.0259,2.1238e-13,2.8764e-12,-2.6916e-10,2.1238e-13,2.8764e-12,-2.6916e-10,1,0.002665,0,0.00039498,0.199
0.011658,-6.245e-17,-1.601e-09,1.025,-1.3628e-16,-1.601e-09,1.025,2.1095e-13,2.8798e-12,-2.6871e-10,2.1095e-13,2.8798e-12,-2.6871e-10,1,0.0026695,0,0.00039952,0.199
0.011658,-6.245e-17,-1.6135e-09,1.0241,-1.3713e-16,-1.6135e-09,1.0241,2.0952e-13,2.8832e-12,-2.6826e-10,2.0952e-13,2.8832e-12,-2.6826e-10,1,0.0026741,0,0.00040406,0.199
0.011658,-6.245e-17,-1.626e-09,1.0232,-1.3798e-16,-1.626e-09,1.0232,2.0809e-13,2.8865e-12,-2.6781e-10,2.0809e-13,2.8865e-12,-2.6781e-10,1,0.0026786,0,0.0004086,0.199
0.011658,-6.245e-17,-1.6384e-09,1.0223,-1.3883e-16,-1.6384e-09,1.0223,2.0666e-13,2.8899e-12,-2.6736e-10,2.0666e-13,2.8899e-12,-2.6736e-10,1,0.0026831,0,0.00041314,0.199
0.011658,-6.245e-17,-1.6509e-09,1.0214,-1.3968e-16,-1.6509e-09,1.0214,2.0523e-13,2.8933e-12,-2.6691e-10,2.0523e-13,2.8933e-12,-2.6691e-10,1,0.0026877,0,0.00041768,0.199
0.011658,-6.245e-17,-1.6634e-09,1.0205,-1.4053e-16,-1.6634e-09,1.0205,2.038e-13,2.8967e-12,-2.6646e-10,2.038e-13,2.8967e-12,-2.6646e-10,1,0.0026922,0,0.00042222,0.199
0.011658,-6.245e-17,-1.6758e-09,1.0196,-1.4138e-16,-1.6758e-09,1.0196,2.0237e-13,2.9001e-12,-2.6601e-10,2.0237e-13,2.9001e-12,-2.6601e-10,1,0.0026968,0,0.00042676,0.199
0.011658,-6.245e-17,-1.6883e-09,1.0187,-1.4224e-16,-1.6883e-09,1.0187,2.0093e-13,2.9035e-12,-2.6557e-10,2.0093e-13,2.9035e-12,-2.6557e-10,1,0.0027013,0,0.0004313,0.199
0.011658,-6.245e-17,-1.7008e-09,1.0178,-1.4309e-16,-1.7008e-09,1.0178,1.995e-13,2.9069e-12,-2.6512e-10,1.995e-13,2.9069e-12,-2.6512e-10,1,0.0027058,0,0.00043584,0.199
0.011658,-6.245e-17,-1.7132e-09,1.0169,-1.4394e-16,-1.7132e-09,1.0169,1.9807e-13,2.9102e-12,-2.6467e-10,1.9807e-13,2.9102e-12,-2.6467e-10,1,0.0027104,0,0.00044038,0.199
0.011658,-6.245e-17,-1.7257e-09,1.016,-1.4479e-16,-1.7257e-09,1.016,1.9664e-13,2.9136e-12,-2.6422e-10,1.9664e-13,2.9136e-12,-2.6422e-10,1,0.0027149,0,0.00044492,0.199
0.011658,-6.245e-17,-1.7382e-09,1.0151,-1.4564e-16,-1.7382e-09,1.0151,1.9521e-13,2.917e-12,-2.6377e-10,1.9521e-13,2.917e-12,-2.6377e-10,1,0.0027195,0,0.00044946,0.199
0.011658,-6.245e-17,-1.7506e-09,1.0141,-1.4649e-16,-1.7506e-09,1.0141,1.9378e-13,2.9204e-12,-2.6332e-10,1.9378e-13,2.9204e-12,-2.6332e-10,1,0.002724,0,0.000454,0.199
0.011658,-6.245e-17,-1.7631e-09,1.0132,-1.4734e-16,-1.7631e-09,1.0132,1.9235e-13,2.9238e-12,-2.6287e-10,1.9235e-13,2.9238e-12,-2.6287e-10,1,0.0027285,0,0.00045854,0.199
0.011658,-6.245e-17,-1.7756e-09,1.0123,-1.4819e-16,-1.7756e-09,1.0123,1.9092e-13,2.9272e-12,-2.6242e-10,1.9092e-13,2.9272e-12,-2.6242e-10,1,0.0027331,0,0.00046308,0.199
0.011658,-6.245e-17,-1.788e-09,1.0114,-1.4904e-16,-1.788e-09,1.0114,1.8949e-13,2.9306e-12,-2.6197e-10,1.8949e-13,2.9306e-12,-2.6197e-10,1,0.0027376,0,0.00046762,0.199
0.011658,-6.245e-17,-1.8005e-09,1.0105,-1.4989e-16,-1.8005e-09,1.0105,1.8806e-13,2.9339e-12,-2.6152e-10,1.8806e-13,2.9339e-12,-2.6152e-10,1,0.0027422,0,0.00047216,0.199
0.011658,-6.245e-17,-1.813e-09,1.0096,-1.5074e-16,-1.813e-09,1.0096,1.8663e-13,2.9373e-12,-2.6107e-10,1.8663e-13,2.9373e-12,-2.6107e-10,1,0.0027467,0,0.0004767,0.199
0.011658,-6.245e-17,-1.8254e-09,1.0087,-1.516e-16,-1.8254e-09,1.0087,1.852e-13,2.9407e-12,-2.6063e-10,1.852e-13,2.9407e-12,-2.6063e-10,1,0.0027512,0,0.00048124,0.199
0.011658,-6.245e-17,-1.8379e-09,1.0078,-1.5245e-16,-1.8379e-09,1.0078,1.8377e-13,2.9441e-12,-2.6018e-10,1.8377e-13,2.9441e-12,-2.6018e-10,1,0.0027558,0,0.00048578,0.199
0.011658,-6.245e-17,-1.8504e-09,1.0069,-1.533e-16,-1.8504e-09,1.0069,1.8234e-13,2.9475e-12,-2.5973e-10,1.8234e-13,2.9475e-12,-2.5973e-10,1,0.0027603,0,0.00049032,0.199
0.011658,-5.3243e-17,-1.8628e-09,1.006,-1.4494e-16,-1.8629e-09,1.006,1.809e-13,2.9509e-12,-2.5928e-10,1.809e-13,2.9509e-12,-2.5928e-10,1,0.0027649,0,0.00049486,0.199
0.011658,-5.9469e-17,-1.8753e-09,1.0051,-1.5202e-16,-1.8753e-09,1.0051,1.7947e-13,2.9542e-12,-2.5883e-10,1.7947e-13,2.9542e-12,-2.5883e-10,1,0.0027694,0,0.0004994,0.199
0.011658,-6.2272e-17,-1.8878e-09,1.0042,-1.5567e-16,-1.8878e-09,1.0042,1.7804e-13,2.9576e-12,-2.5838e-10,1.7804e-13,2.9576e-12,-2.5838e-10,1,0.0027739,0,0.00050394,0.199
0.011658,-6.1675e-17,-1.9003e-09,1.0033,-1.5593e-16,-1.9003e-09,1.0033,1.7661e-13,2.961e-12,-2.5793e-10,1.7661e-13,2.961e-12,-2.5793e-10,1,0.0027785,0,0.00050848,0.199
0.011658,-5.77e-17,-1.9127e-09,1.0024,-1.528e-16,-1.9127e-09,1.0024,1.7518e-13,2.9644e-12,-2.5748e-10,1.7518e-13,2.9644e-12,-2.5748e-10,1,0.002783,0,0.00051302,0.199
0.011658,-5.0369e-17,-1.9252e-09,1.0015,-1.4632e-16,-1.9252e-09,1.0015,1.7375e-13,2.9678e-12,-2.5703e-10,1.7375e-13,2.9678e-12,-2.5703e-10,1,0.0027876,0,0.00051756,0.199
0.011658,-6.245e-17,-1.9377e-09,1.0006,-1.5925e-16,-1.9377e-09,1.0006,1.7232e-13,2.9712e-12,-2.5658e-10,1.7232e-13,2.9712e-12,-2.5658e-10,1,0.0027921,0,0.0005221,0.199
0.011658,-6.245e-17,-1.9501e-09,0.99969,-1.601e-16,-1.9501e-09,0.99969,1.7089e-13,2.9746e-12,-2.5614e-10,1.7089e-13,2.9746e-12,-2.5614e-10,1,0.0027966,0,0.00052664,0.199
0.011658,-6.245e-17,-1.9626e-09,0.99879,-1.6095e-16,-1.9626e-09,0.99879,1.6946e-13,2.9779e-12,-2.5569e-10,1.6946e-13,2.9779e-12,-2.5569e-10,1,0.0028012,0,0.00053118,0.199
0.011658,-6.245e-17,-1.9751e-09,0.99788,-1.6181e-16,-1.9751e-09,0.99788,1.6803e-13,2.9813e-12,-2.5524e-10,1.6803e-13,2.9813e-12,-2.5524e-10,1,0.0028057,0,0.00053572,0.199
0.011658,-6.245e-17,-1.9875e-09,0.99698,-1.6266e-16,-1.9875e-09,0.99698,1.666e-13,2.9847e-12,-2.5479e-10,1.666e-13,2.9847e-12,-2.5479e-10,1,0.0028103,0,0.00054026,0.199
0.011658,-6.245e-17,-2e-09,0.99608,-1.6351e-16,-2e-09,0.99608,1.6517e-13,2.9881e-12,-2.5434e-10,1.6517e-13,2.9881e-12,-2.5434e-10,1,0.0028148,0,0.0005448,0.199
0.011658,-6.245e-17,-2.0125e-09,0.99517,-1.6436e-16,-2.0125e-09,0.99517,1.6374e-13,2.9915e-12,-2.5389e-10,1.6374e-13,2.9915e-12,-2.5389e-10,1,0.0028193,0,0.00054934,0.199
0.011658,-6.245e-17,-2.0249e-09,0.99427,-1.6521e-16,-2.0249e-09,0.99427,1.6231e-13,2.9949e-12,-2.5344e-10,1.6231e-13,2.9949e-12,-2.5344e-10,1,0.0028239,0,0.00055388,0.199
0.011658,-6.245e-17,-2.0374e-09,0.99337,-1.6606e-16,-2.0374e-09,0.99337,1.6087e-13,2.9983e-12,-2.5299e-10,1.6087e-13,2.9983e-12,-2.5299e-10,1,0.0028284,0,0.00055842,0.199
0.011658,-6.245e-17,-2.0499e-09,0.99246,-1.6691e-16,-2.0499e-09,0.99246,1.5944e-13,3.0016e-12,-2.5254e-10,1.5944e-13,3.0016e-12,-2.5254e-10,1,0.002833,0,0.00056296,0.199
0.011658,-6.245e-17,-2.0623e-09,0.99156,-1.6776e-16,-2.0623e-09,0.99156,1.5801e-13,3.005e-12,-2.5209e-10,1.5801e-13,3.005e-12,-2.5209e-10,1,0.0028375,0,0.0005675,0.199
0.011658,-6.245e-17,-2.0748e-09,0.99065,-1.6861e-16,-2.0748e-09,0.99065,1.5658e-13,3.0084e-12,-2.5165e-10,1.5658e-13,3.0084e-12,-2.5165e-10,1,0.002842,0,0.00057204,0.199
0.011658,-6.245e-17,-2.0873e-09,0.98975,-1.6946e-16,-2.0873e-09,0.98975,1.5515e-13,3.0118e-12,-2.512e-10,1.5515e-13,3.0118e-12,-2.512e-10,1,0.0028466,0,0.00057658,0.199
0.011658,-6.245e-17,-2.0997e-09,0.98885,-1.7031e-16,-2.0997e-09,0.98885,1.5372e-13,3.0152e-12,-2.5075e-10,1.5372e-13,3.0152e-12,-2.5075e-10,1,0.0028511,0,0.00058112,0.199
0.011658,-6.245e-17,-2.1122e-09,0.98794,-1.7117e-16,-2.1122e-09,0.98794,1.5229e-13,3.0186e-12,-2.503e-10,1.5229e-13,3.0186e-12,-2.503e-10,1,0.0028557,0,0.00058566,0.199
0.011658,-6.245e-17,-2.1247e-09,0.98704,-1.7202e-16,-2.1247e-09,0.98704,1.5086e-13,3.022e-12,-2.4985e-10,1.5086e-13,3.022e-12,-2.4985e-10,1,0.0028602,0,0.0005902,0.199
0.011658,-6.245e-17,-2.1371e-09,0.98614,-1.7287e-16,-2.1371e-09,0.98614,1.4943e-13,3.0253e-12,-2.494e-10,1.4943e-13,3.0253e-12,-2.494e-10,1,0.0028647,0,0.00059474,0.199
0.011658,-6.245e-17,-2.1496e-09,0.98523,-1.7372e-16,-2.1496e-09,0.98523,1.48e-13,3.0287e-12,-2.4895e-10,1.48e-13,3.0287e-12,-2.4895e-10,1,0.0028693,0,0.00059928,0.199
0.011658,-6.245e-17,-2.1621e-09,0.98433,-1.7457e-16,-2.1621e-09,0.98433,1.4657e-13,3.0321e-12,-2.485e-10,1.4657e-13,3.0321e-12,-2.485e-10,1,0.0028738,0,0.00060382,0.199
0.011658,-6.245e-17,-2.1745e-09,0.98343,-1.7542e-16,-2.1745e-09,0.98343,1.4514e-13,3.0355e-12,-2.4805e-10,1.4514e-13,3.0355e-12,-2.4805e-10,1,0.0028784,0,0.00060836,0.199
0.011658,-6.245e-17,-2.187e-09,0.98252,-1.7627e-16,-2.187e-09,0.98252,1.4371e-13,3.0389e-12,-2.476e-10,1.4371e-13,3.0389e-12,-2.476e-10,1,0.0028829,0,0.0006129,0.199
0.011658,-6.245e-17,-2.1995e-09,0.98162,-1.7712e-16,-2.1995e-09,0.98162,1.4228e-13,3.0423e-12,-2.4716e-10,1.4228e-13,3.0423e-12,-2.4716e-10,1,0.0028874,0,0.00061744,0.199
0.011658,-6.245e-17,-2.2119e-09,0.98071,-1.7797e-16,-2.2119e-09,0.98071,1.4084e-13,3.0456e-12,-2.4671e-10,1.4084e-13,3.0456e-12,-2.4671e-10,1,0.002892,0,0.00062198,0.199
0.011658,-6.245e-17,-2.2244e-09,0.97981,-1.7882e-16,-2.2244e-09,0.97981,1.3941e-13,3.049e-12,-2.4626e-10,1.3941e-13,3.049e-12,-2.4626e-10,1,0.0028965,0,0.00062652,0.199
0.011658,-6.245e-17,-2.2369e-09,0.97891,-1.7967e-16,-2.2369e-09,0.97891,1.3798e-13,3.0524e-12,-2.4581e-10,1.3798e-13,3.0524e-12,-2.4581e-10,1,0.0029011,0,0.00063106,0.199
0.011658,-6.245e-17,-2.2493e-09,0.978,-1.8053e-16,-2.2493e-09,0.978,1.3655e-13,3.0558e-12,-2.4536e-10,1.3655e-13,3.0558e-12,-2.4536e-10,1,0.0029056,0,0.0006356,0.199
0.011658,-6.245e-17,-2.2618e-09,0.9771,-1.8138e-16,-2.2618e-09,0.9771,1.3512e-13,3.0592e-12,-2.4491e-10,1.3512e-13,3.0592e-12,-2.4491e-10,1,0.0029101,0,0.00064014,0.199
0.011658,-6.245e-17,-2.2743e-09,0.9762,-1.8223e-16,-2.2743e-09,0.9762,1.3369e-13,3.0626e-12,-2.4446e-10,1.3369e-13,3.0626e-12,-2.4446e-10,1,0.0029147,0,0.00064468,0.199
0.011658,-6.245e-17,-2.2867e-09,0.97529,-1.8308e-16,-2.2867e-09,0.97529,1.3226e-13,3.066e-12,-2.4401e-10,1.3226e-13,3.066e-12,-2.4401e-10,1,0.0029192,0,0.00064922,0.199
0.011658,-6.245e-17,-2.2992e-09,0.97439,-1.8393e-16,-2.2992e-09,0.97439,1.3083e-13,3.0693e-12,-2.4356e-10,1.3083e-13,3.0693e-12,-2.4356e-10,1,0.0029238,0,0.00065376,0.199
0.011658,-6.245e-17,-2.3117e-09,0.97349,-1.8478e-16,-2.3117e-09,0.97349,1.294e-13,3.0727e-12,-2.4311e-10,1.294e-13,3.0727e-12,-2.4311e-10,1,0.0029283,0,0.0006583,0.199
0.011658,-6.245e-17,-2.3242e-09,0.97258,-1.8563e-16,-2.3242e-09,0.97258,1.2797e-13,3.0761e-12,-2.4267e-10,1.2797e-13,3.0761e-12,-2.4267e-10,1,0.0029328,0,0.00066284,0.199
0.011658,-6.245e-17,-2.3366e-09,0.97168,-1.8648e-16,-2.3366e-09,0.97168,1.2654e-13,3.0795e-12,-2.4222e-10,1.2654e-13,3.0795e-12,-2.4222e-10,1,0.0029374,0,0.00066738,0.199
0.011658,-6.245e-17,-2.3491e-09,0.97078,-1.8733e-16,-2.3491e-09,0.97078,1.2511e-13,3.0829e-12,-2.4177e-10,1.2511e-13,3.0829e-12,-2.4177e-10,1,0.0029419,0,0.00067192,0.199
0.011658,-6.5034e-17,-2.3516e-09,0.96924,-1.8993e-16,-2.3516e-09,0.96924,1.2723e-13,3.1041e-12,-2.4106e-10,1.2723e-13,3.1041e-12,-2.4106e-10,1,0.0029465,0,0.00067646,0.199
0.011658,-6.7675e-17,-2.3539e-09,0.96769,-1.9257e-16,-2.3539e-09,0.96769,1.2943e-13,3.1257e-12,-2.4036e-10,1.2943e-13,3.1257e-12,-2.4036e-10,1,0.002951,0,0.000681,0.199
0.011658,-7.0315e-17,-2.3561e-09,0.96614,-1.9522e-16,-2.3561e-09,0.96614,1.3163e-13,3.1474e-12,-2.3965e-10,1.3163e-13,3.1474e-12,-2.3965e-10,1,0.0029555,0,0.00068554,0.199
0.011658,-7.2955e-17,-2.3584e-09,0.96459,-1.9786e-16,-2.3584e-09,0.96459,1.3383e-13,3.169e-12,-2.3894e-10,1.3383e-13,3.169e-12,-2.3894e-10,1,0.0029601,0,0.00069008,0.199
0.011658,-7.5596e-17,-2.3607e-09,0.96304,-2.005e-16,-2.3607e-09,0.96304,1.3603e-13,3.1906e-12,-2.3823e-10,1.3603e-13,3.1906e-12,-2.3823e-10,1,0.0029646,0,0.00069462,0.199
0.011658,-7.8236e-17,-2.363e-09,0.96149,-2.0314e-16,-2.363e-09,0.96149,1.3822e-13,3.2122e-12,-2.3752e-10,1.3822e-13,3.2122e-12,-2.3752e-10,1,0.0029692,0,0.00069916,0.199
0.011658,-8.0877e-17,-2.3653e-09,0.95994,-2.0578e-16,-2.3653e-09,0.95994,1.4042e-13,3.2339e-12,-2.3682e-10,1.4042e-13,3.2339e-12,-2.3682e-10,1,0.0029737,0,0.0007037,0.199
0.011658,-8.3517e-17,-2.3675e-09,0.95839,-2.0842e-16,-2.3675e-09,0.95839,1.4262e-13,3.2555e-12,-2.3611e-10,1.4262e-13,3.2555e-12,-2.3611e-10,1,0.0029782,0,0.00070824,0.199
0.011658,-8.6157e-17,-2.3698e-09,0.95684,-2.1106e-16,-2.3698e-09,0.95684,1.4482e-13,3.2771e-12,-2.354e-10,1.4482e-13,3.2771e-12,-2.354e-10,1,0.0029828,0,0.00071278,0.199
0.011658,-8.8798e-17,-2.3721e-09,0.95529,-2.137e-16,-2.3721e-09,0.95529,1.4702e-13,3.2987e-12,-2.3469e-10,1.4702e-13,3.2987e-12,-2.3469e-10,1,0.0029873,0,0.00071732,0.199
0.011658,-9.1438e-17,-2.3744e-09,0.95374,-2.1634e-16,-2.3744e-09,0.95374,1.4922e-13,3.3204e-12,-2.3398e-10,1.4922e-13,3.3204e-12,-2.3398e-10,1,0.0029919,0,0.00072186,0.199
0.011658,-9.4078e-17,-2.3767e-09,0.95219,-2.1898e-16,-2.3767e-09,0.95219,1.5142e-13,3.342e-12,-2.3327e-10,1.5142e-13,3.342e-12,-2.3327e-10,1,0.0029964,0,0.0007264,0.199
0.011658,-9.6719e-17,-2.3789e-09,0.95065,-2.2162e-16,-2.3789e-09,0.95065,1.5362e-13,3.3636e-12,-2.3257e-10,1.5362e-13,3.3636e-12,-2.3257e-10,1,0.0030009,0,0.00073094,0.199
0.011658,-9.9359e-17,-2.3812e-09,0.9491,-2.2426e-16,-2.3812e-09,0.9491,1.5582e-13,3.3852e-12,-2.3186e-10,1.5582e-13,3.3852e-12,-2.3186e-10,1,0.0030055,0,0.00073548,0.199
0.011658,-1.02e-16,-2.3835e-09,0.94755,-2.269e-16,-2.3835e-09,0.94755,1.5801e-13,3.4069e-12,-2.3115e-10,1.5801e-13,3.4069e-12,-2.3115e-10,1,0.00301,0,0.00074002,0.199
0.011658,-1.0464e-16,-2.3858e-09,0.946,-2.2954e-16,-2.3858e-09,0.946,1.6021e-13,3.4285e-12,-2.3044e-10,1.6021e-13,3.4285e-12,-2.3044e-10,1,0.0030146,0,0.00074456,0.199
0.011658,-1.0728e-16,-2.3881e-09,0.94445,-2.3218e-16,-2.3881e-09,0.94445,1.6241e-13,3.4501e-12,-2.2973e-10,1.6241e-13,3.4501e-12,-2.2973e-10,1,0.0030191,0,0.0007491,0.199
0.011658,-1.0992e-16,-2.3903e-09,0.9429,-2.3482e-16,-2.3903e-09,0.9429,1.6461e-13,3.4717e-12,-2.2902e-10,1.6461e-13,3.4717e-12,-2.2902e-10,1,0.0030236,0,0.00075364,0.199
0.011658,-1.1256e-16,-2.3926e-09,0.94135,-2.3746e-16,-2.3926e-09,0.94135,1.6681e-13,3.4934e-12,-2.2832e-10,1.6681e-13,3.4934e-12,-2.2832e-10,1,0.0030282,0,0.00075818,0.199
0.011658,-1.152e-16,-2.3949e-09,0.9398,-2.401e-16,-2.3949e-09,0.9398,1.6901e-13,3.515e-12,-2.2761e-10,1.6901e-13,3.515e-12,-2.2761e-10,1,0.0030327,0,0.00076272,0.199
0.011658,-1.1784e-16,-2.3972e-09,0.93825,-2.4274e-16,-2.3972e-09,0.93825,1.7121e-13,3.5366e-12,-2.269e-10,1.7121e-13,3.5366e-12,-2.269e-10,1,0.0030373,0,0.00076726,0.199
0.011658,-1.2048e-16,-2.3995e-09,0.9367,-2.4538e-16,-2.3995e-09,0.9367,1.7341e-13,3.5582e-12,-2.2619e-10,1.7341e-13,3.5582e-12,-2.2619e-10,1,0.0030418,0,0.0007718,0.199
0.011658,-1.2312e-16,-2.4017e-09,0.93515,-2.4802e-16,-2.4017e-09,0.93515,1.7561e-13,3.5799e-12,-2.2548e-10,1.7561e-13,3.5799e-12,-2.2548e-10,1,0.0030463,0,0.00077634,0.199
0.011658,-1.2576e-16,-2.404e-09,0.9336,-2.5066e-16,-2.404e-09,0.9336,1.7781e-13,3.6015e-12,-2.2478e-10,1.7781e-13,3.6015e-12,-2.2478e-10,1,0.0030509,0,0.00078088,0.199
0.011658,-1.284e-16,-2.4063e-09,0.93205,-2.533e-16,-2.4063e-09,0.93205,1.8e-13,3.6231e-12,-2.2407e-10,1.8e-13,3.6231e-12,-2.2407e-10,1,0.0030554,0,0.00078542,0.199
0.011658,-1.3104e-16,-2.4086e-09,0.9305,-2.5594e-16,-2.4086e-09,0.9305,1.822e-13,3.6447e-12,-2.2336e-10,1.822e-13,3.6447e-12,-2.2336e-10,1,0.00306,0,0.00078996,0.199
0.011658,-1.3368e-16,-2.4109e-09,0.92895,-2.5858e-16,-2.4109e-09,0.92895,1.844e-13,3.6664e-12,-2.2265e-10,1.844e-13,3.6664e-12,-2.2265e-10,1,0.0030645,0,0.0007945,0.199
0.011658,-1.3632e-16,-2.4131e-09,0.9274,-2.6122e-16,-2.4131e-09,0.9274,1.866e-13,3.688e-12,-2.2194e-10,1.866e-13,3.688e-12,-2.2194e-10,1,0.003069,0,0.00079904,0.199
0.011658,-1.3896e-16,-2.4154e-09,0.92585,-2.6386e-16,-2.4154e-09,0.92585,1.888e-13,3.7096e-12,-2.2123e-10,1.888e-13,3.7096e-12,-2.2123e-10,1,0.0030736,0,0.00080358,0.199
0.011658,-1.416e-16,-2.4177e-09,0.9243,-2.665e-16,-2.4177e-09,0.9243,1.91e-13,3.7312e-12,-2.2053e-10,1.91e-13,3.7312e-12,-2.2053e-10,1,0.0030781,0,0.00080812,0.199
0.011658,-1.4424e-16,-2.42e-09,0.92275,-2.6914e-16,-2.42e-09,0.92275,1.932e-13,3.7529e-12,-2.1982e-10,1.932e-13,3.7529e-12,-2.1982e-10,1,0.0030827,0,0.00081266,0.199
0.011658,-1.4689e-16,-2.4223e-09,0.9212,-2.7179e-16,-2.4223e-09,0.9212,1.954e-13,3.7745e-12,-2.1911e-10,1.954e-13,3.7745e-12,-2.1911e-10,1,0.0030872,0,0.0008172,0.199
0.011658,-1.4953e-16,-2.4245e-09,0.91966,-2.7443e-16,-2.4245e-09,0.91966,1.976e-13,3.7961e-12,-2.184e-10,1.976e-13,3.7961e-12,-2.184e-10,1,0.0030917,0,0.00082174,0.199
0.011658,-1.4093e-16,-2.4268e-09,0.91811,-2.6583e-16,-2.4268e-09,0.91811,1.9979e-13,3.8177e-12,-2.1769e-10,1.9979e-13,3.8177e-12,-2.1769e-10,1,0.0030963,0,0.00082628,0.199
0.011658,-1.5356e-16,-2.4291e-09,0.91656,-2.7846e-16,-2.4291e-09,0.91656,2.0199e-13,3.8394e-12,-2.1698e-10,2.0199e-13,3.8394e-12,-2.1698e-10,1,0.0031008,0,0.00083082,0.199
0.011658,-1.562e-16,-2.4314e-09,0.91501,-2.811e-16,-2.4314e-09,0.91501,2.0419e-13,3.861e-12,-2.1628e-10,2.0419e-13,3.861e-12,-2.1628e-10,1,0.0031054,0,0.00083536,0.199
0.011658,-1.4894e-16,-2.4337e-09,0.91346,-2.7384e-16,-2.4337e-09,0.91346,2.0639e-13,3.8826e-12,-2.1557e-10,2.0639e-13,3.8826e-12,-2.1557e-10,1,0.0031099,0,0.0008399,0.199
0.011658,-1.6273e-16,-2.4359e-09,0.91191,-2.8763e-16,-2.4359e-09,0.91191,2.0859e-13,3.9042e-12,-2.1486e-10,2.0859e-13,3.9042e-12,-2.1486e-10,1,0.0031144,0,0.00084444,0.199
0.011658,-1.6537e-16,-2.4382e-09,0.91036,-2.9027e-16,-2.4382e-09,0.91036,2.1079e-13,3.9259e-12,-2.1415e-10,2.1079e-13,3.9259e-12,-2.1415e-10,1,0.003119,0,0.00084898,0.199
0.011658,-1.6801e-16,-2.4405e-09,0.90881,-2.9291e-16,-2.4405e-09,0.90881,2.1299e-13,3.9475e-12,-2.1344e-10,2.1299e-13,3.9475e-12,-2.1344e-10,1,0.0031235,0,0.00085352,0.199
0.011658,-1.7065e-16,-2.4428e-09,0.90726,-2.9555e-16,-2.4428e-09,0.90726,2.1519e-13,3.9691e-12,-2.1274e-10,2.1519e-13,3.9691e-12,-2.1274e-10,1,0.0031281,0,0.00085806,0.199
0.011658,-1.7329e-16,-2.4451e-09,0.90571,-2.9819e-16,-2.4451e-09,0.90571,2.1739e-13,3.9907e-12,-2.1203e-10,2.1739e-13,3.9907e-12,-2.1203e-10,1,0.0031326,0,0.0008626,0.199
0.011658,-1.7593e-16,-2.4473e-09,0.90416,-3.0083e-16,-2.4473e-09,0.90416,2.1958e-13,4.0124e-12,-2.1132e-10,2.1958e-13,4.0124e-12,-2.1132e-10,1,0.0031371,0,0.00086714,0.199
0.011658,-1.7857e-16,-2.4496e-09,0.90261,-3.0347e-16,-2.4496e-09,0.90261,2.2178e-13,4.034e-12,-2.1061e-10,2.2178e-13,4.034e-12,-2.1061e-10,1,0.0031417,0,0.00087168,0.199
0.011658,-1.8121e-16,-2.4519e-09,0.90106,-3.0611e-16,-2.4519e-09,0.90106,2.2398e-13,4.0556e-12,-2.099e-10,2.2398e-13,4.0556e-12,-2.099e-10,1,0.0031462,0,0.00087622,0.199
0.011658,-1.8385e-16,-2.4542e-09,0.89951,-3.0875e-16,-2.4542e-09,0.89951,2.2618e-13,4.0772e-12,-2.0919e-10,2.2618e-13,4.0772e-12,-2.0919e-10,1,0.0031508,0,0.00088076,0.199
0.011658,-1.8649e-16,-2.4565e-09,0.89796,-3.1139e-16,-2.4565e-09,0.89796,2.2838e-13,4.0989e-12,-2.0849e-10,2.2838e-13,4.0989e-12,-2.0849e-10,1,0.0031553,0,0.0008853,0.199
0.011658,-1.8913e-16,-2.4587e-09,0.89641,-3.1403e-16,-2.4587e-09,0.89641,2.3058e-13,4.1205e-12,-2.0778e-10,2.3058e-13,4.1205e-12,-2.0778e-10,1,0.0031598,0,0.00088984,0.199
0.011658,-1.9177e-16,-2.461e-09,0.89486,-3.1667e-16,-2.461e-09,0.89486,2.3278e-13,4.1421e-12,-2.0707e-10,2.3278e-13,4.1421e-12,-2.0707e-10,1,0.0031644,0,0.00089438,0.199
0.011658,-1.9441e-16,-2.4633e-09,0.89331,-3.1931e-16,-2.4633e-09,0.89331,2.3498e-13,4.1637e-12,-2.0636e-10,2.3498e-13,4.1637e-12,-2.0636e-10,1,0.0031689,0,0.00089892,0.199
0.011658,-1.9705e-16,-2.4656e-09,0.89176,-3.2195e-16,-2.4656e-09,0.89176,2.3718e-13,4.1854e-12,-2.0565e-10,2.3718e-13,4.1854e-12,-2.0565e-10,1,0.0031735,0,0.00090346,0.199
0.011658,-1.9969e-16,-2.4679e-09,0.89021,-3.2459e-16,-2.4679e-09,0.89021,2.3938e-13,4.207e-12,-2.0495e-10,2.3938e-13,4.207e-12,-2.0495e-10,1,0.003178,0,0.000908,0.199
0.011658,-2.0233e-16,-2.4701e-09,0.88866,-3.2723e-16,-2.4701e-09,0.88866,2.4157e-13,4.2286e-12,-2.0424e-10,2.4157e-13,4.2286e-12,-2.0424e-10,1,0.0031825,0,0.00091254,0.199
0.011658,-2.0497e-16,-2.4724e-09,0.88712,-3.2987e-16,-2.4724e-09,0.88712,2.4377e-13,4.2502e-12,-2.0353e-10,2.4377e-13,4.2502e-12,-2.0353e-10,1,0.0031871,0,0.00091708,0.199
0.011658,-2.0761e-16,-2.4747e-09,0.88557,-3.3251e-16,-2.4747e-09,0.88557,2.4597e-13,4.2718e-12,-2.0282e-10,2.4597e-13,4.2718e-12,-2.0282e-10,1,0.0031916,0,0.00092162,0.199
0.011658,-2.1025e-16,-2.477e-09,0.88402,-3.3515e-16,-2.477e-09,0.88402,2.4817e-13,4.2935e-12,-2.0211e-10,2.4817e-13,4.2935e-12,-2.0211e-10,1,0.0031962,0,0.00092616,0.199
0.011658,-2.1289e-16,-2.4793e-09,0.88247,-3.3779e-16,-2.4793e-09,0.88247,2.5037e-13,4.3151e-12,-2.014e-10,2.5037e-13,4.3151e-12,-2.014e-10,1,0.0032007,0,0.0009307,0.199
0.011658,-2.1553e-16,-2.4815e-09,0.88092,-3.4043e-16,-2.4815e-09,0.88092,2.5257e-13,4.3367e-12,-2.007e-10,2.5257e-13,4.3367e-12,-2.007e-10,1,0.0032052,0,0.00093524,0.199
0.011658,-2.1817e-16,-2.4838e-09,0.87937,-3.4307e-16,-2.4838e-09,0.87937,2.5477e-13,4.3583e-12,-1.9999e-10,2.5477e-13,4.3583e-12,-1.9999e-10,1,0.0032098,0,0.00093978,0.199
0.011658,-2.2081e-16,-2.4861e-09,0.87782,-3.4571e-16,-2.4861e-09,0.87782,2.5697e-13,4.38e-12,-1.9928e-10,2.5697e-13,4.38e-12,-1.9928e-10,1,0.0032143,0,0.00094432,0.199
0.011658,-2.2345e-16,-2.4884e-09,0.87627,-3.4835e-16,-2.4884e-09,0.87627,2.5917e-13,4.4016e-12,-1.9857e-10,2.5917e-13,4.4016e-12,-1.9857e-10,1,0.0032189,0,0.00094886,0.199
0.011658,-2.2609e-16,-2.4907e-09,0.87472,-3.51e-16,-2.4907e-09,0.87472,2.6136e-13,4.4232e-12,-1.9786e-10,2.6136e-13,4.4232e-12,-1.9786e-10,1,0.0032234,0,0.0009534,0.199
0.011658,-2.2874e-16,-2.4929e-09,0.87317,-3.5364e-16,-2.4929e-09,0.87317,2.6356e-13,4.4448e-12,-1.9715e-10,2.6356e-13,4.4448e-12,-1.9715e-10,1,0.0032279,0,0.00095794,0.199
0.011658,-2.3138e-16,-2.4952e-09,0.87162,-3.5628e-16,-2.4952e-09,0.87162,2.6576e-13,4.4665e-12,-1.9645e-10,2.6576e-13,4.4665e-12,-1.9645e-10,1,0.0032325,0,0.00096248,0.199
0.011658,-2.3402e-16,-2.4975e-09,0.87007,-3.5892e-16,-2.4975e-09,0.87007,2.6796e-13,4.4881e-12,-1.9574e-10,2.6796e-13,4.4881e-12,-1.9574e-10,1,0.003237,0,0.00096702,0.199
0.011658,-2.3666e-16,-2.4998e-09,0.86852,-3.6156e-16,-2.4998e-09,0.86852,2.7016e-13,4.5097e-12,-1.9503e-10,2.7016e-13,4.5097e-12,-1.9503e-10,1,0.0032416,0,0.00097156,0.199
0.011658,-2.393e-16,-2.5021e-09,0.86697,-3.642e-16,-2.5021e-09,0.86697,2.7236e-13,4.5313e-12,-1.9432e-10,2.7236e-13,4.5313e-12,-1.9432e-10,1,0.0032461,0,0.0009761,0.199
0.011658,-2.4194e-16,-2.5043e-09,0.86542,-3.6684e-16,-2.5043e-09,0.86542,2.7456e-13,4.553e-12,-1.9361e-10,2.7456e-13,4.553e-12,-1.9361e-10,1,0.0032506,0,0.00098064,0.199
0.011658,-2.4458e-16,-2.5066e-09,0.86387,-3.6948e-16,-2.5066e-09,0.86387,2.7676e-13,4.5746e-12,-1.9291e-10,2.7676e-13,4.5746e-12,-1.9291e-10,1,0.0032552,0,0.00098518,0.199
0.011658,-2.4722e-16,-2.5089e-09,0.86232,-3.7212e-16,-2.5089e-09,0.86232,2.7896e-13,4.5962e-12,-1.922e-10,2.7896e-13,4.5962e-12,-1.922e-10,1,0.0032597,0,0.00098972,0.199
0.011658,-2.4982e-16,-2.511e-09,0.86076,-3.7472e-16,-2.511e-09,0.86076,2.8111e-13,4.6178e-12,-1.9149e-10,2.8111e-13,4.6178e-12,-1.9149e-10,1,0.0032643,0,0.00099426,0.199
0.011658,-2.5074e-16,-2.5038e-09,0.85854,-3.7564e-16,-2.5038e-09,0.85854,2.815e-13,4.6395e-12,-1.9066e-10,2.815e-13,4.6395e-12,-1.9066e-10,1,0.0032688,0,0.0009988,0.199
0.011658,-2.5167e-16,-2.4966e-09,0.85632,-3.7657e-16,-2.4966e-09,0.85632,2.8189e-13,4.6612e-12,-1.8984e-10,2.8189e-13,4.6612e-12,-1.8984e-10,1,0.0032733,0,0.0010033,0.199
0.011658,-2.526e-16,-2.4895e-09,0.85409,-3.775e-16,-2.4895e-09,0.85409,2.8228e-13,4.6829e-12,-1.8902e-10,2.8228e-13,4.6829e-12,-1.8902e-10,1,0.0032779,0,0.0010079,0.199
0.011658,-2.5353e-16,-2.4823e-09,0.85187,-3.7843e-16,-2.4823e-09,0.85187,2.8267e-13,4.7045e-12,-1.8819e-10,2.8267e-13,4.7045e-12,-1.8819e-10,1,0.0032824,0,0.0010124,0.199
0.011658,-2.5445e-16,-2.4752e-09,0.84965,-3.7935e-16,-2.4752e-09,0.84965,2.8306e-13,4.7262e-12,-1.8737e-10,2.8306e-13,4.7262e-12,-1.8737e-10,1,0.003287,0,0.001017,0.199
0.011658,-2.5538e-16,-2.468e-09,0.84743,-3.8028e-16,-2.468e-09,0.84743,2.8345e-13,4.7479e-12,-1.8655e-10,2.8345e-13,4.7479e-12,-1.8655e-10,1,0.0032915,0,0.0010215,0.199
0.011658,-2.5631e-16,-2.4609e-09,0.84521,-3.8121e-16,-2.4609e-09,0.84521,2.8384e-13,4.7696e-12,-1.8572e-10,2.8384e-13,4.7696e-12,-1.8572e-10,1,0.003296,0,0.001026,0.199
0.011658,-2.5724e-16,-2.4537e-09,0.84298,-3.8214e-16,-2.4537e-09,0.84298,2.8423e-13,4.7912e-12,-1.849e-10,2.8423e-13,4.7912e-12,-1.849e-10,1,0.0033006,0,0.0010306,0.199
0.011658,-2.5816e-16,-2.4465e-09,0.84076,-3.8306e-16,-2.4465e-09,0.84076,2.8462e-13,4.8129e-12,-1.8408e-10,2.8462e-13,4.8129e-12,-1.8408e-10,1,0.0033051,0,0.0010351,0.199
0.011658,-2.5909e-16,-2.4394e-09,0.83854,-3.8399e-16,-2.4394e-09,0.83854,2.8501e-13,4.8346e-12,-1.8325e-10,2.8501e-13,4.8346e-12,-1.8325e-10,1,0.0033097,0,0.0010397,0.199
0.011658,-2.6002e-16,-2.4322e-09,0.83632,-3.8492e-16,-2.4322e-09,0.83632,2.854e-13,4.8563e-12,-1.8243e-10,2.854e-13,4.8563e-12,-1.8243e-10,1,0.0033142,0,0.0010442,0.199
0.011658,-2.6094e-16,-2.4251e-09,0.8341,-3.8584e-16,-2.4251e-09,0.8341,2.8579e-13,4.8779e-12,-1.8161e-10,2.8579e-13,4.8779e-12,-1.8161e-10,1,0.0033187,0,0.0010487,0.199
0.011658,-2.6187e-16,-2.4179e-09,0.83188,-3.8677e-16,-2.4179e-09,0.83188,2.8618e-13,4.8996e-12,-1.8078e-10,2.8618e-13,4.8996e-12,-1.8078e-10,1,0.0033233,0,0.0010533,0.199
0.011658,-2.628e-16,-2.4108e-09,0.82965,-3.877e-16,-2.4108e-09,0.82965,2.8657e-13,4.9213e-12,-1.7996e-10,2.8657e-13,4.9213e-12,-1.7996e-10,1,0.0033278,0,0.0010578,0.199
0.011658,-2.6373e-16,-2.4036e-09,0.82743,-3.8863e-16,-2.4036e-09,0.82743,2.8696e-13,4.943e-12,-1.7914e-10,2.8696e-13,4.943e-12,-1.7914e-10,1,0.0033324,0,0.0010624,0.199
0.011658,-2.6465e-16,-2.3964e-09,0.82521,-3.8955e-16,-2.3964e-09,0.82521,2.8735e-13,4.9646e-12,-1.7831e-10,2.8735e-13,4.9646e-12,-1.7831e-10,1,0.0033369,0,0.0010669,0.199
0.011658,-2.6558e-16,-2.3893e-09,0.82299,-3.9048e-16,-2.3893e-09,0.82299,2.8774e-13,4.9863e-12,-1.7749e-10,2.8774e-13,4.9863e-12,-1.7749e-10,1,0.0033414,0,0.0010714,0.199
0.011658,-2.6651e-16,-2.3821e-09,0.82077,-3.9141e-16,-2.3821e-09,0.82077,2.8813e-13,5.008e-12,-1.7667e-10,2.8813e-13,5.008e-12,-1.7667e-10,1,0.003346,0,0.001076,0.199
0.011658,-2.6743e-16,-2.375e-09,0.81854,-3.9233e-16,-2.375e-09,0.81854,2.8852e-13,5.0296e-12,-1.7584e-10,2.8852e-13,5.0296e-12,-1.7584e-10,1,0.0033505,0,0.0010805,0.199
0.011658,-2.6836e-16,-2.3678e-09,0.81632,-3.9326e-16,-2.3678e-09,0.81632,2.8891e-13,5.0513e-12,-1.7502e-10,2.8891e-13,5.0513e-12,-1.7502e-10,1,0.0033551,0,0.0010851,0.199
0.011658,-2.6929e-16,-2.3607e-09,0.8141,-3.9419e-16,-2.3607e-09,0.8141,2.893e-13,5.073e-12,-1.742e-10,2.893e-13,5.073e-12,-1.742e-10,1,0.0033596,0,0.0010896,0.199
0.011658,-2.7022e-16,-2.3535e-09,0.81188,-3.9512e-16,-2.3535e-09,0.81188,2.8969e-13,5.0947e-12,-1.7337e-10,2.8969e-13,5.0947e-12,-1.7337e-10,1,0.0033641,0,0.0010941,0.199
0.011658,-2.7114e-16,-2.3463e-09,0.80966,-3.9604e-16,-2.3463e-09,0.80966,2.9008e-13,5.1163e-12,-1.7255e-10,2.9008e-13,5.1163e-12,-1.7255e-10,1,0.0033687,0,0.0010987,0.199
0.011658,-2.7207e-16,-2.3392e-09,0.80744,-3.9697e-16,-2.3392e-09,0.80744,2.9047e-13,5.138e-12,-1.7173e-10,2.9047e-13,5.138e-12,-1.7173e-10,1,0.0033732,0,0.0011032,0.199
0.011658,-2.73e-16,-2.332e-09,0.80521,-3.979e-16,-2.332e-09,0.80521,2.9086e-13,5.1597e-12,-1.709e-10,2.9086e-13,5.1597e-12,-1.709e-10,1,0.0033778,0,0.0011078,0.199
0.011658,-2.7392e-16,-2.3249e-09,0.80299,-3.9882e-16,-2.3249e-09,0.80299,2.9125e-13,5.1814e-12,-1.7008e-10,2.9125e-13,5.1814e-12,-1.7008e-10,1,0.0033823,0,0.0011123,0.199
0.011658,-2.7485e-16,-2.3177e-09,0.80077,-3.9975e-16,-2.3177e-09,0.80077,2.9164e-13,5.203e-12,-1.6926e-10,2.9164e-13,5.203e-12,-1.6926e-10,1,0.0033868,0,0.0011168,0.199
0.011658,-2.7578e-16,-2.3105e-09,0.79855,-4.0068e-16,-2.3105e-09,0.79855,2.9203e-13,5.2247e-12,-1.6843e-10,2.9203e-13,5.2247e-12,-1.6843e-10,1,0.0033914,0,0.0011214,0.199
0.011658,-2.767e-16,-2.3034e-09,0.79633,-4.016e-16,-2.3034e-09,0.79633,2.9242e-13,5.2464e-12,-1.6761e-10,2.9242e-13,5.2464e-12,-1.6761e-10,1,0.0033959,0,0.0011259,0.199
0.011658,-2.7763e-16,-2.2962e-09,0.7941,-4.0253e-16,-2.2962e-09,0.7941,2.9281e-13,5.2681e-12,-1.6679e-10,2.9281e-13,5.2681e-12,-1.6679e-10,1,0.0034005,0,0.0011305,0.199
0.011658,-2.7856e-16,-2.2891e-09,0.79188,-4.0346e-16,-2.2891e-09,0.79188,2.932e-13,5.2897e-12,-1.6596e-10,2.932e-13,5.2897e-12,-1.6596e-10,1,0.003405,0,0.001135,0.199
0.011658,-2.7949e-16,-2.2819e-09,0.78966,-4.0439e-16,-2.2819e-09,0.78966,2.9359e-13,5.3114e-12,-1.6514e-10,2.9359e-13,5.3114e-12,-1.6514e-10,1,0.0034095,0,0.0011395,0.199
0.011658,-2.7555e-16,-2.2748e-09,0.78744,-4.0045e-16,-2.2748e-09,0.78744,2.9398e-13,5.3331e-12,-1.6432e-10,2.9398e-13,5.3331e-12,-1.6432e-10,1,0.0034141,0,0.0011441,0.199
0.011658,-2.8006e-16,-2.2676e-09,0.78522,-4.0496e-16,-2.2676e-09,0.78522,2.9437e-13,5.3548e-12,-1.6349e-10,2.9437e-13,5.3548e-12,-1.6349e-10,1,0.0034186,0,0.0011486,0.199
0.011658,-2.8227e-16,-2.2604e-09,0.783,-4.0717e-16,-2.2604e-09,0.783,2.9476e-13,5.3764e-12,-1.6267e-10,2.9476e-13,5.3764e-12,-1.6267e-10,1,0.0034232,0,0.0011532,0.199
0.011658,-2.8319e-16,-2.2533e-09,0.78077,-4.0809e-16,-2.2533e-09,0.78077,2.9515e-13,5.3981e-12,-1.6185e-10,2.9515e-13,5.3981e-12,-1.6185e-10,1,0.0034277,0,0.0011577,0.199
0.011658,-2.8412e-16,-2.2461e-09,0.77855,-4.0902e-16,-2.2461e-09,0.77855,2.9554e-13,5.4198e-12,-1.6102e-10,2.9554e-13,5.4198e-12,-1.6102e-10,1,0.0034322,0,0.0011622,0.199
0.011658,-2.8505e-16,-2.239e-09,0.77633,-4.0995e-16,-2.239e-09,0.77633,2.9593e-13,5.4415e-12,-1.602e-10,2.9593e-13,5.4415e-12,-1.602e-10,1,0.0034368,0,0.0011668,0.199
0.011658,-2.8597e-16,-2.2318e-09,0.77411,-4.1087e-16,-2.2318e-09,0.77411,2.9632e-13,5.4631e-12,-1.5938e-10,2.9632e-13,5.4631e-12,-1.5938e-10,1,0.0034413,0,0.0011713,0.199
0.011658,-2.869e-16,-2.2247e-09,0.77189,-4.118e-16,-2.2247e-09,0.77189,2.9671e-13,5.4848e-12,-1.5855e-10,2.9671e-13,5.4848e-12,-1.5855e-10,1,0.0034459,0,0.0011759,0.199
0.011658,-2.8783e-16,-2.2175e-09,0.76966,-4.1273e-16,-2.2175e-09,0.76966,2.971e-13,5.5065e-12,-1.5773e-10,2.971e-13,5.5065e-12,-1.5773e-10,1,0.0034504,0,0.0011804,0.199
0.011658,-2.8876e-16,-2.2103e-09,0.76744,-4.1366e-16,-2.2103e-09,0.76744,2.9749e-13,5.5282e-12,-1.5691e-10,2.9749e-13,5.5282e-12,-1.5691e-10,1,0.0034549,0,0.0011849,0.199
0.011658,-2.8968e-16,-2.2032e-09,0.76522,-4.1458e-16,-2.2032e-09,0.76522,2.9788e-13,5.5498e-12,-1.5608e-10,2.9788e-13,5.5498e-12,-1.5608e-10,1,0.0034595,0,0.0011895,0.199
0.011658,-2.9061e-16,-2.196e-09,0.763,-4.1551e-16,-2.196e-09,0.763,2.9827e-13,5.5715e-12,-1.5526e-10,2.9827e-13,5.5715e-12,-1.5526e-10,1,0.003464,0,0.001194,0.199
0.011658,-2.9154e-16,-2.1889e-09,0.76078,-4.1644e-16,-2.1889e-09,0.76078,2.9866e-13,5.5932e-12,-1.5444e-10,2.9866e-13,5.5932e-12,-1.5444e-10,1,0.0034686,0,0.0011986,0.199
0.011658,-2.9246e-16,-2.1817e-09,0.75856,-4.1736e-16,-2.1817e-09,0.75856,2.9905e-13,5.6148e-12,-1.5361e-10,2.9905e-13,5.6148e-12,-1.5361e-10,1,0.0034731,0,0.0012031,0.199
0.011658,-2.9339e-16,-2.1745e-09,0.75633,-4.1829e-16,-2.1745e-09,0.75633,2.9944e-13,5.6365e-12,-1.5279e-10,2.9944e-13,5.6365e-12,-1.5279e-10,1,0.0034776,0,0.0012076,0.199
0.011658,-2.9432e-16,-2.1674e-09,0.75411,-4.1922e-16,-2.1674e-09,0.75411,2.9983e-13,5.6582e-12,-1.5197e-10,2.9983e-13,5.6582e-12,-1.5197e-10,1,0.0034822,0,0.0012122,0.199
0.011658,-2.9524e-16,-2.1602e-09,0.75189,-4.2014e-16,-2.1602e-09,0.75189,3.0022e-13,5.6799e-12,-1.5114e-10,3.0022e-13,5.6799e-12,-1.5114e-10,1,0.0034867,0,0.0012167,0.199
0.011658,-2.9617e-16,-2.1531e-09,0.74967,-4.2107e-16,-2.1531e-09,0.74967,3.0061e-13,5.7015e-12,-1.5032e-10,3.0061e-13,5.7015e-12,-1.5032e-10,1,0.0034913,0,0.0012213,0.199
0.011658,-2.971e-16,-2.1459e-09,0.74745,-4.22e-16,-2.1459e-09,0.74745,3.01e-13,5.7232e-12,-1.495e-10,3.01e-13,5.7232e-12,-1.495e-10,1,0.0034958,0,0.0012258,0.199
0.011658,-2.9803e-16,-2.1388e-09,0.74522,-4.2293e-16,-2.1388e-09,0.74522,3.0139e-13,5.7449e-12,-1.4867e-10,3.0139e-13,5.7449e-12,-1.4867e-10,1,0.0035003,0,0.0012303,0.199
0.011658,-2.9895e-16,-2.1316e-09,0.743,-4.2385e-16,-2.1316e-09,0.743,3.0178e-13,5.7666e-12,-1.4785e-10,3.0178e-13,5.7666e-12,-1.4785e-10,1,0.0035049,0,0.0012349,0.199
0.011658,-2.9988e-16,-2.1244e-09,0.74078,-4.2478e-16,-2.1244e-09,0.74078,3.0217e-13,5.7882e-12,-1.4703e-10,3.0217e-13,5.7882e-12,-1.4703e-10,1,0.0035094,0,0.0012394,0.199
0.011658,-3.0081e-16,-2.1173e-09,0.73856,-4.2571e-16,-2.1173e-09,0.73856,3.0256e-13,5.8099e-12,-1.462e-10,3.0256e-13,5.8099e-12,-1.462e-10,1,0.003514,0,0.001244,0.199
0.011658,-3.0173e-16,-2.1101e-09,0.73634,-4.2663e-16,-2.1101e-09,0.73634,3.0295e-13,5.8316e-12,-1.4538e-10,3.0295e-13,5.8316e-12,-1.4538e-10,1,0.0035185,0,0.0012485,0.199
0.011658,-3.0266e-16,-2.103e-09,0.73412,-4.2756e-16,-2.103e-09,0.73412,3.0334e-13,5.8533e-12,-1.4456e-10,3.0334e-13,5.8533e-12,-1.4456e-10,1,0.003523,0,0.001253,0.199
0.011658,-3.0359e-16,-2.0958e-09,0.73189,-4.2849e-16,-2.0958e-09,0.73189,3.0373e-13,5.8749e-12,-1.4373e-10,3.0373e-13,5.8749e-12,-1.4373e-10,1,0.0035276,0,0.0012576,0.199
0.011658,-3.0451e-16,-2.0887e-09,0.72967,-4.2941e-16,-2.0887e-09,0.72967,3.0412e-13,5.8966e-12,-1.4291e-10,3.0412e-13,5.8966e-12,-1.4291e-10,1,0.0035321,0,0.0012621,0.199
0.011658,-3.0544e-16,-2.0815e-09,0.72745,-4.3034e-16,-2.0815e-09,0.72745,3.0451e-13,5.9183e-12,-1.4209e-10,3.0451e-13,5.9183e-12,-1.4209e-10,1,0.0035367,0,0.0012667,0.199
0.011658,-3.0637e-16,-2.0743e-09,0.72523,-4.3127e-16,-2.0743e-09,0.72523,3.049e-13,5.94e-12,-1.4126e-10,3.049e-13,5.94e-12,-1.4126e-10,1,0.0035412,0,0.0012712,0.199
0.011658,-3.0729e-16,-2.0672e-09,0.72301,-4.3219e-16,-2.0672e-09,0.72301,3.0529e-13,5.9616e-12,-1.4044e-10,3.0529e-13,5.9616e-12,-1.4044e-10,1,0.0035457,0,0.0012757,0.199
0.011658,-3.0822e-16,-2.06e-09,0.72078,-4.3312e-16,-2.06e-09,0.72078,3.0568e-13,5.9833e-12,-1.3962e-10,3.0568e-13,5.9833e-12,-1.3962e-10,1,0.0035503,0,0.0012803,0.199
0.011658,-3.0915e-16,-2.0529e-09,0.71856,-4.3405e-16,-2.0529e-09,0.71856,3.0607e-13,6.005e-12,-1.3879e-10,3.0607e-13,6.005e-12,-1.3879e-10,1,0.0035548,0,0.0012848,0.199
0.011658,-3.1007e-16,-2.0457e-09,0.71634,-4.3497e-16,-2.0457e-09,0.71634,3.0646e-13,6.0267e-12,-1.3797e-10,3.0646e-13,6.0267e-12,-1.3797e-10,1,0.0035594,0,0.0012894,0.199
0.011658,-3.11e-16,-2.0385e-09,0.71412,-4.359e-16,-2.0385e-09,0.71412,3.0685e-13,6.0483e-12,-1.3715e-10,3.0685e-13,6.0483e-12,-1.3715e-10,1,0.0035639,0,0.0012939,0.199
0.011658,-3.1193e-16,-2.0314e-09,0.7119,-4.3683e-16,-2.0314e-09,0.7119,3.0724e-13,6.07e-12,-1.3632e-10,3.0724e-13,6.07e-12,-1.3632e-10,1,0.0035684,0,0.0012984,0.199
0.011658,-3.1071e-16,-2.0201e-09,0.70915,-4.3638e-16,-2.0201e-09,0.70915,3.0453e-13,6.0752e-12,-1.3535e-10,3.0453e-13,6.0752e-12,-1.3535e-10,1,0.003573,0,0.001303,0.199
0.011658,-3.0838e-16,-2.0066e-09,0.70613,-4.3521e-16,-2.0066e-09,0.70613,3.0018e-13,6.0717e-12,-1.343e-10,3.0018e-13,6.0717e-12,-1.343e-10,1,0.0035775,0,0.0013075,0.199
0.011658,-3.0604e-16,-1.9931e-09,0.70311,-4.3404e-16,-1.9931e-09,0.70311,2.9583e-13,6.0682e-12,-1.3325e-10,2.9583e-13,6.0682e-12,-1.3325e-10,1,0.0035821,0,0.0013121,0.199
0.011658,-3.037e-16,-1.9796e-09,0.70009,-4.3287e-16,-1.9796e-09,0.70009,2.9148e-13,6.0647e-12,-1.322e-10,2.9148e-13,6.0647e-12,-1.322e-10,1,0.0035866,0,0.0013166,0.199
0.011658,-3.0136e-16,-1.9661e-09,0.69706,-4.3171e-16,-1.9661e-09,0.69706,2.8714e-13,6.0613e-12,-1.3115e-10,2.8714e-13,6.0613e-12,-1.3115e-10,1,0.0035911,0,0.0013211,0.199
0.011658,-2.9902e-16,-1.9526e-09,0.69404,-4.3054e-16,-1.9526e-09,0.69404,2.8279e-13,6.0578e-12,-1.301e-10,2.8279e-13,6.0578e-12,-1.301e-10,1,0.0035957,0,0.0013257,0.199
0.011658,-2.9668e-16,-1.9392e-09,0.69102,-4.2937e-16,-1.9392e-09,0.69102,2.7844e-13,6.0543e-12,-1.2905e-10,2.7844e-13,6.0543e-12,-1.2905e-10,1,0.0036002,0,0.0013302,0.199
0.011658,-2.9435e-16,-1.9257e-09,0.688,-4.282e-16,-1.9257e-09,0.688,2.741e-13,6.0508e-12,-1.28e-10,2.741e-13,6.0508e-12,-1.28e-10,1,0.0036048,0,0.0013348,0.199
0.011658,-2.9201e-16,-1.9122e-09,0.68498,-4.2703e-16,-1.9122e-09,0.68498,2.6975e-13,6.0473e-12,-1.2695e-10,2.6975e-13,6.0473e-12,-1.2695e-10,1,0.0036093,0,0.0013393,0.199
0.011658,-2.8967e-16,-1.8987e-09,0.68195,-4.2586e-16,-1.8987e-09,0.68195,2.654e-13,6.0439e-12,-1.259e-10,2.654e-13,6.0439e-12,-1.259e-10,1,0.0036138,0,0.0013438,0.199
0.011658,-2.8733e-16,-1.8852e-09,0.67893,-4.2469e-16,-1.8852e-09,0.67893,2.6105e-13,6.0404e-12,-1.2484e-10,2.6105e-13,6.0404e-12,-1.2484e-10,1,0.0036184,0,0.0013484,0.199
0.011658,-2.8499e-16,-1.8717e-09,0.67591,-4.2352e-16,-1.8717e-09,0.67591,2.5671e-13,6.0369e-12,-1.2379e-10,2.5671e-13,6.0369e-12,-1.2379e-10,1,0.0036229,0,0.0013529,0.199
0.011658,-2.8266e-16,-1.8582e-09,0.67289,-4.2235e-16,-1.8582e-09,0.67289,2.5236e-13,6.0334e-12,-1.2274e-10,2.5236e-13,6.0334e-12,-1.2274e-10,1,0.0036275,0,0.0013575,0.199
0.011658,-2.8032e-16,-1.8447e-09,0.66987,-4.2118e-16,-1.8447e-09,0.66987,2.4801e-13,6.0299e-12,-1.2169e-10,2.4801e-13,6.0299e-12,-1.2169e-10,1,0.003632,0,0.001362,0.199
0.011658,-2.7798e-16,-1.8313e-09,0.66685,-4.2001e-16,-1.8313e-09,0.66685,2.4367e-13,6.0265e-12,-1.2064e-10,2.4367e-13,6.0265e-12,-1.2064e-10,1,0.0036365,0,0.0013665,0.199
0.011658,-2.7564e-16,-1.8178e-09,0.66382,-4.1885e-16,-1.8178e-09,0.66382,2.3932e-13,6.023e-12,-1.1959e-10,2.3932e-13,6.023e-12,-1.1959e-10,1,0.0036411,0,0.0013711,0.199
0.011658,-2.733e-16,-1.8043e-09,0.6608,-4.1768e-16,-1.8043e-09,0.6608,2.3497e-13,6.0195e-12,-1.1854e-10,2.3497e-13,6.0195e-12,-1.1854e-10,1,0.0036456,0,0.0013756,0.199
0.011658,-2.7096e-16,-1.7908e-09,0.65778,-4.1651e-16,-1.7908e-09,0.65778,2.3063e-13,6.016e-12,-1.1749e-10,2.3063e-13,6.016e-12,-1.1749e-10,1,0.0036502,0,0.0013802,0.199
0.011658,-2.6863e-16,-1.7773e-09,0.65476,-4.1534e-16,-1.7773e-09,0.65476,2.2628e-13,6.0125e-12,-1.1644e-10,2.2628e-13,6.0125e-12,-1.1644e-10,1,0.0036547,0,0.0013847,0.199
0.011658,-2.6629e-16,-1.7638e-09,0.65174,-4.1417e-16,-1.7638e-09,0.65174,2.2193e-13,6.0091e-12,-1.1539e-10,2.2193e-13,6.0091e-12,-1.1539e-10,1,0.0036592,0,0.0013892,0.199
0.011658,-2.6395e-16,-1.7503e-09,0.64871,-4.13e-16,-1.7503e-09,0.64871,2.1758e-13,6.0056e-12,-1.1434e-10,2.1758e-13,6.0056e-12,-1.1434e-10,1,0.0036638,0,0.0013938,0.199
0.011658,-2.6161e-16,-1.7368e-09,0.64569,-4.1183e-16,-1.7368e-09,0.64569,2.1324e-13,6.0021e-12,-1.1329e-10,2.1324e-13,6.0021e-12,-1.1329e-10,1,0.0036683,0,0.0013983,0.199
0.011658,-2.5927e-16,-1.7234e-09,0.64267,-4.1066e-16,-1.7234e-09,0.64267,2.0889e-13,5.9986e-12,-1.1224e-10,2.0889e-13,5.9986e-12,-1.1224e-10,1,0.0036729,0,0.0014029,0.199
0.011658,-2.5693e-16,-1.7099e-09,0.63965,-4.0949e-16,-1.7099e-09,0.63965,2.0454e-13,5.9951e-12,-1.1119e-10,2.0454e-13,5.9951e-12,-1.1119e-10,1,0.0036774,0,0.0014074,0.199
0.011658,-2.546e-16,-1.6964e-09,0.63663,-4.0832e-16,-1.6964e-09,0.63663,2.002e-13,5.9917e-12,-1.1014e-10,2.002e-13,5.9917e-12,-1.1014e-10,1,0.0036819,0,0.0014119,0.199
0.011658,-2.5226e-16,-1.6829e-09,0.63361,-4.0715e-16,-1.6829e-09,0.63361,1.9585e-13,5.9882e-12,-1.0909e-10,1.9585e-13,5.9882e-12,-1.0909e-10,1,0.0036865,0,0.0014165,0.199
0.011658,-2.4989e-16,-1.6694e-09,0.63058,-4.0596e-16,-1.6694e-09,0.63058,1.915e-13,5.9847e-12,-1.0804e-10,1.915e-13,5.9847e-12,-1.0804e-10,1,0.003691,0,0.001421,0.199
0.011658,-2.4758e-16,-1.6559e-09,0.62756,-4.0482e-16,-1.6559e-09,0.62756,1.8715e-13,5.9812e-12,-1.0699e-10,1.8715e-13,5.9812e-12,-1.0699e-10,1,0.0036956,0,0.0014256,0.199
0.011658,-2.4524e-16,-1.6424e-09,0.62454,-4.0365e-16,-1.6424e-09,0.62454,1.8281e-13,5.9778e-12,-1.0593e-10,1.8281e-13,5.9778e-12,-1.0593e-10,1,0.0037001,0,0.0014301,0.199
0.011658,-2.429e-16,-1.6289e-09,0.62152,-4.0248e-16,-1.6289e-09,0.62152,1.7846e-13,5.9743e-12,-1.0488e-10,1.7846e-13,5.9743e-12,-1.0488e-10,1,0.0037046,0,0.0014346,0.199
0.011658,-2.4057e-16,-1.6154e-09,0.6185,-4.0131e-16,-1.6154e-09,0.6185,1.7411e-13,5.9708e-12,-1.0383e-10,1.7411e-13,5.9708e-12,-1.0383e-10,1,0.0037092,0,0.0014392,0.199
0.011658,-2.3823e-16,-1.602e-09,0.61547,-4.0014e-16,-1.602e-09,0.61547,1.6977e-13,5.9673e-12,-1.0278e-10,1.6977e-13,5.9673e-12,-1.0278e-10,1,0.0037137,0,0.0014437,0.199
0.011658,-2.3589e-16,-1.5885e-09,0.61245,-3.9897e-16,-1.5885e-09,0.61245,1.6542e-13,5.9638e-12,-1.0173e-10,1.6542e-13,5.9638e-12,-1.0173e-10,1,0.0037183,0,0.0014483,0.199
0.011658,-2.3355e-16,-1.575e-09,0.60943,-3.978e-16,-1.575e-09,0.60943,1.6107e-13,5.9604e-12,-1.0068e-10,1.6107e-13,5.9604e-12,-1.0068e-10,1,0.0037228,0,0.0014528,0.199
0.011658,-2.3121e-16,-1.5615e-09,0.60641,-3.9663e-16,-1.5615e-09,0.60641,1.5673e-13,5.9569e-12,-9.9632e-11,1.5673e-13,5.9569e-12,-9.9632e-11,1,0.0037273,0,0.0014573,0.199
0.011658,-2.2887e-16,-1.548e-09,0.60339,-3.9546e-16,-1.548e-09,0.60339,1.5238e-13,5.9534e-12,-9.8581e-11,1.5238e-13,5.9534e-12,-9.8581e-11,1,0.0037319,0,0.0014619,0.199
0.011658,-2.2654e-16,-1.5345e-09,0.60037,-3.9429e-16,-1.5345e-09,0.60037,1.4803e-13,5.9499e-12,-9.7531e-11,1.4803e-13,5.9499e-12,-9.7531e-11,1,0.0037364,0,0.0014664,0.199
0.011658,-2.242e-16,-1.521e-09,0.59734,-3.9312e-16,-1.521e-09,0.59734,1.4368e-13,5.9464e-12,-9.648e-11,1.4368e-13,5.9464e-12,-9.648e-11,1,0.003741,0,0.001471,0.199
0.011658,-2.2186e-16,-1.5075e-09,0.59432,-3.9195e-16,-1.5075e-09,0.59432,1.3934e-13,5.943e-12,-9.5429e-11,1.3934e-13,5.943e-12,-9.5429e-11,1,0.0037455,0,0.0014755,0.199
0.011658,-2.1952e-16,-1.4941e-09,0.5913,-3.9079e-16,-1.4941e-09,0.5913,1.3499e-13,5.9395e-12,-9.4379e-11,1.3499e-13,5.9395e-12,-9.4379e-11,1,0.00375,0,0.00148,0.199
0.011658,-2.1718e-16,-1.4806e-09,0.58828,-3.8962e-16,-1.4806e-09,0.58828,1.3064e-13,5.936e-12,-9.3328e-11,1.3064e-13,5.936e-12,-9.3328e-11,1,0.0037546,0,0.0014846,0.199
0.011658,-2.1484e-16,-1.4671e-09,0.58526,-3.8845e-16,-1.4671e-09,0.58526,1.263e-13,5.9325e-12,-9.2278e-11,1.263e-13,5.9325e-12,-9.2278e-11,1,0.0037591,0,0.0014891,0.199
0.011658,-2.1251e-16,-1.4536e-09,0.58223,-3.8728e-16,-1.4536e-09,0.58223,1.2195e-13,5.929e-12,-9.1227e-11,1.2195e-13,5.929e-12,-9.1227e-11,1,0.0037637,0,0.0014937,0.199
0.011658,-2.1017e-16,-1.4401e-09,0.57921,-3.8611e-16,-1.4401e-09,0.57921,1.176e-13,5.9256e-12,-9.0177e-11,1.176e-13,5.9256e-12,-9.0177e-11,1,0.0037682,0,0.0014982,0.199
0.011658,-2.0783e-16,-1.4266e-09,0.57619,-3.8494e-16,-1.4266e-09,0.57619,1.1325e-13,5.9221e-12,-8.9126e-11,1.1325e-13,5.9221e-12,-8.9126e-11,1,0.0037727,0,0.0015027,0.199
0.011658,-2.0549e-16,-1.4131e-09,0.57317,-3.8377e-16,-1.4131e-09,0.57317,1.0891e-13,5.9186e-12,-8.8076e-11,1.0891e-13,5.9186e-12,-8.8076e-11,1,0.0037773,0,0.0015073,0.199
0.011658,-2.0315e-16,-1.3996e-09,0.57015,-3.826e-16,-1.3996e-09,0.57015,1.0456e-13,5.9151e-12,-8.7025e-11,1.0456e-13,5.9151e-12,-8.7025e-11,1,0.0037818,0,0.0015118,0.199
0.011658,-2.0081e-16,-1.3862e-09,0.56713,-3.8143e-16,-1.3862e-09,0.56713,1.0021e-13,5.9116e-12,-8.5975e-11,1.0021e-13,5.9116e-12,-8.5975e-11,1,0.0037864,0,0.0015164,0.199
0.011658,-1.9847e-16,-1.3727e-09,0.5641,-3.8026e-16,-1.3727e-09,0.5641,9.5866e-14,5.9082e-12,-8.4924e-11,9.5866e-14,5.9082e-12,-8.4924e-11,1,0.0037909,0,0.0015209,0.199
0.011658,-1.9614e-16,-1.3592e-09,0.56108,-3.7909e-16,-1.3592e-09,0.56108,9.1519e-14,5.9047e-12,-8.3874e-11,9.1519e-14,5.9047e-12,-8.3874e-11,1,0.0037954,0,0.0015254,0.199
0.011658,-1.938e-16,-1.3457e-09,0.55806,-3.7792e-16,-1.3457e-09,0.55806,8.7172e-14,5.9012e-12,-8.2823e-11,8.7172e-14,5.9012e-12,-8.2823e-11,1,0.0038,0,0.00153,0.199
0.011658,-1.9146e-16,-1.3322e-09,0.55504,-3.7675e-16,-1.3322e-09,0.55504,8.2825e-14,5.8977e-12,-8.1772e-11,8.2825e-14,5.8977e-12,-8.1772e-11,1,0.0038045,0,0.0015345,0.199
0.011658,-1.8912e-16,-1.3187e-09,0.55202,-3.7559e-16,-1.3187e-09,0.55202,7.8478e-14,5.8943e-12,-8.0722e-11,7.8478e-14,5.8943e-12,-8.0722e-11,1,0.0038091,0,0.0015391,0.199
0.011658,-1.8707e-16,-1.3056e-09,0.54898,-3.7388e-16,-1.3056e-09,0.54898,7.537e-14,5.8848e-12,-7.9656e-11,7.537e-14,5.8848e-12,-7.9656e-11,1,0.0038136,0,0.0015436,0.199
0.011658,-1.859e-16,-1.2936e-09,0.54592,-3.7049e-16,-1.2936e-09,0.54592,7.6139e-14,5.8565e-12,-7.8542e-11,7.6139e-14,5.8565e-12,-7.8542e-11,1,0.0038181,0,0.0015481,0.199
0.011658,-1.8473e-16,-1.2816e-09,0.54285,-3.671e-16,-1.2816e-09,0.54285,7.6907e-14,5.8282e-12,-7.7428e-11,7.6907e-14,5.8282e-12,-7.7428e-11,1,0.0038227,0,0.0015527,0.199
0.011658,-1.8356e-16,-1.2695e-09,0.53978,-3.6371e-16,-1.2695e-09,0.53978,7.7676e-14,5.8e-12,-7.6314e-11,7.7676e-14,5.8e-12,-7.6314e-11,1,0.0038272,0,0.0015572,0.199
0.011658,-1.8239e-16,-1.2575e-09,0.53672,-3.6032e-16,-1.2575e-09,0.53672,7.8444e-14,5.7717e-12,-7.52e-11,7.8444e-14,5.7717e-12,-7.52e-11,1,0.0038318,0,0.0015618,0.199
0.011658,-1.8122e-16,-1.2455e-09,0.53365,-3.5693e-16,-1.2455e-09,0.53365,7.9213e-14,5.7435e-12,-7.4086e-11,7.9213e-14,5.7435e-12,-7.4086e-11,1,0.0038363,0,0.0015663,0.199
0.011658,-1.8005e-16,-1.2335e-09,0.53058,-3.5354e-16,-1.2335e-09,0.53058,7.9981e-14,5.7152e-12,-7.2972e-11,7.9981e-14,5.7152e-12,-7.2972e-11,1,0.0038408,0,0.0015708,0.199
0.011658,-1.7888e-16,-1.2215e-09,0.52751,-3.5015e-16,-1.2215e-09,0.52751,8.075e-14,5.6869e-12,-7.1858e-11,8.075e-14,5.6869e-12,-7.1858e-11,1,0.0038454,0,0.0015754,0.199
0.011658,-1.7771e-16,-1.2094e-09,0.52445,-3.4676e-16,-1.2094e-09,0.52445,8.1518e-14,5.6587e-12,-7.0745e-11,8.1518e-14,5.6587e-12,-7.0745e-11,1,0.0038499,0,0.0015799,0.199
0.011658,-1.7654e-16,-1.1974e-09,0.52138,-3.4337e-16,-1.1974e-09,0.52138,8.2287e-14,5.6304e-12,-6.9631e-11,8.2287e-14,5.6304e-12,-6.9631e-11,1,0.0038545,0,0.0015845,0.199
0.011658,-1.7538e-16,-1.1854e-09,0.51831,-3.3998e-16,-1.1854e-09,0.51831,8.3055e-14,5.6021e-12,-6.8517e-11,8.3055e-14,5.6021e-12,-6.8517e-11,1,0.003859,0,0.001589,0.199
0.011658,-1.7421e-16,-1.1734e-09,0.51525,-3.3659e-16,-1.1734e-09,0.51525,8.3824e-14,5.5739e-12,-6.7403e-11,8.3824e-14,5.5739e-12,-6.7403e-11,1,0.0038635,0,0.0015935,0.199
0.011658,-1.7304e-16,-1.1614e-09,0.51218,-3.332e-16,-1.1614e-09,0.51218,8.4592e-14,5.5456e-12,-6.6289e-11,8.4592e-14,5.5456e-12,-6.6289e-11,1,0.0038681,0,0.0015981,0.199
0.011658,-1.7187e-16,-1.1493e-09,0.50911,-3.2981e-16,-1.1493e-09,0.50911,8.5361e-14,5.5174e-12,-6.5175e-11,8.5361e-14,5.5174e-12,-6.5175e-11,1,0.0038726,0,0.0016026,0.199
0.011658,-1.707e-16,-1.1373e-09,0.50604,-3.2642e-16,-1.1373e-09,0.50604,8.6129e-14,5.4891e-12,-6.4061e-11,8.6129e-14,5.4891e-12,-6.4061e-11,1,0.0038772,0,0.0016072,0.199
0.011658,-1.6953e-16,-1.1253e-09,0.50298,-3.2303e-16,-1.1253e-09,0.50298,8.6898e-14,5.4608e-12,-6.2947e-11,8.6898e-14,5.4608e-12,-6.2947e-11,1,0.0038817,0,0.0016117,0.199
0.011658,-1.6836e-16,-1.1133e-09,0.49991,-3.1964e-16,-1.1133e-09,0.49991,8.7666e-14,5.4326e-12,-6.1833e-11,8.7666e-14,5.4326e-12,-6.1833e-11,1,0.0038862,0,0.0016162,0.199
0.011658,-1.6719e-16,-1.1013e-09,0.49684,-3.1625e-16,-1.1013e-09,0.49684,8.8435e-14,5.4043e-12,-6.0719e-11,8.8435e-14,5.4043e-12,-6.0719e-11,1,0.0038908,0,0.0016208,0.199
0.011658,-1.6602e-16,-1.0893e-09,0.49378,-3.1286e-16,-1.0893e-09,0.49378,8.9203e-14,5.376e-12,-5.9605e-11,8.9203e-14,5.376e-12,-5.9605e-11,1,0.0038953,0,0.0016253,0.199
0.011658,-1.6485e-16,-1.0772e-09,0.49071,-3.0947e-16,-1.0772e-09,0.49071,8.9972e-14,5.3478e-12,-5.8491e-11,8.9972e-14,5.3478e-12,-5.8491e-11,1,0.0038999,0,0.0016299,0.199
0.011658,-1.6368e-16,-1.0652e-09,0.48764,-3.0608e-16,-1.0652e-09,0.48764,9.074e-14,5.3195e-12,-5.7377e-11,9.074e-14,5.3195e-12,-5.7377e-11,1,0.0039044,0,0.0016344,0.199
0.011658,-1.6251e-16,-1.0532e-09,0.48458,-3.0269e-16,-1.0532e-09,0.48458,9.1508e-14,5.2913e-12,-5.6263e-11,9.1508e-14,5.2913e-12,-5.6263e-11,1,0.0039089,0,0.0016389,0.199
0.011658,-1.6135e-16,-1.0412e-09,0.48151,-2.993e-16,-1.0412e-09,0.48151,9.2277e-14,5.263e-12,-5.5149e-11,9.2277e-14,5.263e-12,-5.5149e-11,1,0.0039135,0,0.0016435,0.199
0.011658,-1.6018e-16,-1.0292e-09,0.47844,-2.9591e-16,-1.0292e-09,0.47844,9.3045e-14,5.2347e-12,-5.4036e-11,9.3045e-14,5.2347e-12,-5.4036e-11,1,0.003918,0,0.001648,0.199
0.011658,-1.5901e-16,-1.0171e-09,0.47537,-2.9252e-16,-1.0171e-09,0.47537,9.3814e-14,5.2065e-12,-5.2922e-11,9.3814e-14,5.2065e-12,-5.2922e-11,1,0.0039226,0,0.0016526,0.199
0.011658,-1.5784e-16,-1.0051e-09,0.47231,-2.8913e-16,-1.0051e-09,0.47231,9.4582e-14,5.1782e-12,-5.1808e-11,9.4582e-14,5.1782e-12,-5.1808e-11,1,0.0039271,0,0.0016571,0.199
0.011658,-1.558e-16,-9.9311e-10,0.46924,-2.8488e-16,-9.9311e-10,0.46924,9.5351e-14,5.1499e-12,-5.0694e-11,9.5351e-14,5.1499e-12,-5.0694e-11,1,0.0039316,0,0.0016616,0.199
0.011658,-1.5436e-16,-9.8109e-10,0.46617,-2.8122e-16,-9.8109e-10,0.46617,9.6119e-14,5.1217e-12,-4.958e-11,9.6119e-14,5.1217e-12,-4.958e-11,1,0.0039362,0,0.0016662,0.199
0.011658,-1.5433e-16,-9.6907e-10,0.46311,-2.7897e-16,-9.6907e-10,0.46311,9.6888e-14,5.0934e-12,-4.8466e-11,9.6888e-14,5.0934e-12,-4.8466e-11,1,0.0039407,0,0.0016707,0.199
0.011658,-1.5316e-16,-9.5705e-10,0.46004,-2.7558e-16,-9.5705e-10,0.46004,9.7656e-14,5.0652e-12,-4.7352e-11,9.7656e-14,5.0652e-12,-4.7352e-11,1,0.0039453,0,0.0016753,0.199
0.011658,-1.5199e-16,-9.4503e-10,0.45697,-2.7219e-16,-9.4503e-10,0.45697,9.8425e-14,5.0369e-12,-4.6238e-11,9.8425e-14,5.0369e-12,-4.6238e-11,1,0.0039498,0,0.0016798,0.199
0.011658,-1.5082e-16,-9.3301e-10,0.4539,-2.688e-16,-9.3301e-10,0.4539,9.9193e-14,5.0086e-12,-4.5124e-11,9.9193e-14,5.0086e-12,-4.5124e-11,1,0.0039543,0,0.0016843,0.199
0.011658,-1.4965e-16,-9.21e-10,0.45084,-2.6541e-16,-9.21e-10,0.45084,9.9962e-14,4.9804e-12,-4.401e-11,9.9962e-14,4.9804e-12,-4.401e-11,1,0.0039589,0,0.0016889,0.199
0.011658,-1.4848e-16,-9.0898e-10,0.44777,-2.6202e-16,-9.0898e-10,0.44777,1.0073e-13,4.9521e-12,-4.2896e-11,1.0073e-13,4.9521e-12,-4.2896e-11,1,0.0039634,0,0.0016934,0.199
0.011658,-1.4732e-16,-8.9696e-10,0.4447,-2.5863e-16,-8.9696e-10,0.4447,1.015e-13,4.9238e-12,-4.1782e-11,1.015e-13,4.9238e-12,-4.1782e-11,1,0.003968,0,0.001698,0.199
0.011658,-1.4615e-16,-8.8494e-10,0.44164,-2.5524e-16,-8.8494e-10,0.44164,1.0227e-13,4.8956e-12,-4.0668e-11,1.0227e-13,4.8956e-12,-4.0668e-11,1,0.0039725,0,0.0017025,0.199
0.011658,-1.4498e-16,-8.7292e-10,0.43857,-2.5185e-16,-8.7292e-10,0.43857,1.0304e-13,4.8673e-12,-3.9554e-11,1.0304e-13,4.8673e-12,-3.9554e-11,1,0.003977,0,0.001707,0.199
0.011658,-1.4381e-16,-8.609e-10,0.4355,-2.4846e-16,-8.609e-10,0.4355,1.038e-13,4.8391e-12,-3.844e-11,1.038e-13,4.8391e-12,-3.844e-11,1,0.0039816,0,0.0017116,0.199
0.011658,-1.4264e-16,-8.4888e-10,0.43244,-2.4507e-16,-8.4888e-10,0.43244,1.0457e-13,4.8108e-12,-3.7326e-11,1.0457e-13,4.8108e-12,-3.7326e-11,1,0.0039861,0,0.0017161,0.199
0.011658,-1.4147e-16,-8.3687e-10,0.42937,-2.4168e-16,-8.3687e-10,0.42937,1.0534e-13,4.7825e-12,-3.6213e-11,1.0534e-13,4.7825e-12,-3.6213e-11,1,0.0039907,0,0.0017207,0.199
0.011658,-1.403e-16,-8.2485e-10,0.4263,-2.3829e-16,-8.2485e-10,0.4263,1.0611e-13,4.7543e-12,-3.5099e-11,1.0611e-13,4.7543e-12,-3.5099e-11,1,0.0039952,0,0.0017252,0.199
0.011658,-1.3913e-16,-8.1283e-10,0.42323,-2.349e-16,-8.1283e-10,0.42323,1.0688e-13,4.726e-12,-3.3985e-11,1.0688e-13,4.726e-12,-3.3985e-11,1,0.0039997,0,0.0017297,0.199
0.011658,-1.3796e-16,-8.0081e-10,0.42017,-2.3151e-16,-8.0081e-10,0.42017,1.0765e-13,4.6978e-12,-3.2871e-11,1.0765e-13,4.6978e-12,-3.2871e-11,1,0.0040043,0,0.0017343,0.199
0.011658,-1.3679e-16,-7.8879e-10,0.4171,-2.2812e-16,-7.8879e-10,0.4171,1.0842e-13,4.6695e-12,-3.1757e-11,1.0842e-13,4.6695e-12,-3.1757e-11,1,0.0040088,0,0.0017388,0.199
0.011658,-1.3562e-16,-7.7677e-10,0.41403,-2.2473e-16,-7.7677e-10,0.41403,1.0918e-13,4.6412e-12,-3.0643e-11,1.0918e-13,4.6412e-12,-3.0643e-11,1,0.0040134,0,0.0017434,0.199
0.011658,-1.3445e-16,-7.6475e-10,0.41097,-2.2134e-16,-7.6475e-10,0.41097,1.0995e-13,4.613e-12,-2.9529e-11,1.0995e-13,4.613e-12,-2.9529e-11,1,0.0040179,0,0.0017479,0.199
0.011658,-1.3329e-16,-7.5274e-10,0.4079,-2.1795e-16,-7.5274e-10,0.4079,1.1072e-13,4.5847e-12,-2.8415e-11,1.1072e-13,4.5847e-12,-2.8415e-11,1,0.0040224,0,0.0017524,0.199
0.011658,-1.3212e-16,-7.4072e-10,0.40483,-2.1456e-16,-7.4072e-10,0.40483,1.1149e-13,4.5564e-12,-2.7301e-11,1.1149e-13,4.5564e-12,-2.7301e-11,1,0.004027,0,0.001757,0.199
0.011658,-1.3095e-16,-7.287e-10,0.40176,-2.1117e-16,-7.287e-10,0.40176,1.1226e-13,4.5282e-12,-2.6187e-11,1.1226e-13,4.5282e-12,-2.6187e-11,1,0.0040315,0,0.0017615,0.199
0.011658,-1.2978e-16,-7.1668e-10,0.3987,-2.0778e-16,-7.1668e-10,0.3987,1.1303e-13,4.4999e-12,-2.5073e-11,1.1303e-13,4.4999e-12,-2.5073e-11,1,0.0040361,0,0.0017661,0.199
0.011658,-1.2861e-16,-7.0466e-10,0.39563,-2.0439e-16,-7.0466e-10,0.39563,1.1379e-13,4.4717e-12,-2.3959e-11,1.1379e-13,4.4717e-12,-2.3959e-11,1,0.0040406,0,0.0017706,0.199
0.011658,-1.2744e-16,-6.9264e-10,0.39256,-2.01e-16,-6.9264e-10,0.39256,1.1456e-13,4.4434e-12,-2.2845e-11,1.1456e-13,4.4434e-12,-2.2845e-11,1,0.0040451,0,0.0017751,0.199
0.011658,-1.2627e-16,-6.8062e-10,0.3895,-1.9761e-16,-6.8062e-10,0.3895,1.1533e-13,4.4151e-12,-2.1731e-11,1.1533e-13,4.4151e-12,-2.1731e-11,1,0.0040497,0,0.0017797,0.199
0.011658,-1.251e-16,-6.6861e-10,0.38643,-1.9422e-16,-6.6861e-10,0.38643,1.161e-13,4.3869e-12,-2.0617e-11,1.161e-13,4.3869e-12,-2.0617e-11,1,0.0040542,0,0.0017842,0.199
0.011658,-1.2393e-16,-6.5965e-10,0.38307,-1.917e-16,-6.5965e-10,0.38307,1.1687e-13,4.3473e-12,-1.9576e-11,1.1687e-13,4.3473e-12,-1.9576e-11,1,0.0040588,0,0.0017888,0.199
0.011658,-1.2276e-16,-6.5133e-10,0.37964,-1.8936e-16,-6.5133e-10,0.37964,1.1764e-13,4.3054e-12,-1.8549e-11,1.1764e-13,4.3054e-12,-1.8549e-11,1,0.0040633,0,0.0017933,0.199
0.011658,-1.2159e-16,-6.4302e-10,0.37622,-1.8703e-16,-6.4302e-10,0.37622,1.184e-13,4.2635e-12,-1.7523e-11,1.184e-13,4.2635e-12,-1.7523e-11,1,0.0040678,0,0.0017978,0.199
0.011658,-1.2042e-16,-6.347e-10,0.37279,-1.8469e-16,-6.347e-10,0.37279,1.1917e-13,4.2216e-12,-1.6496e-11,1.1917e-13,4.2216e-12,-1.6496e-11,1,0.0040724,0,0.0018024,0.199
0.011658,-1.1926e-16,-6.2638e-10,0.36937,-1.8235e-16,-6.2638e-10,0.36937,1.1994e-13,4.1796e-12,-1.5469e-11,1.1994e-13,4.1796e-12,-1.5469e-11,1,0.0040769,0,0.0018069,0.199
0.011658,-1.1809e-16,-6.1806e-10,0.36594,-1.8001e-16,-6.1806e-10,0.36594,1.2071e-13,4.1377e-12,-1.4443e-11,1.2071e-13,4.1377e-12,-1.4443e-11,1,0.0040815,0,0.0018115,0.199
0.011658,-1.1692e-16,-6.0975e-10,0.36252,-1.7767e-16,-6.0975e-10,0.36252,1.2147e-13,4.0958e-12,-1.3416e-11,1.2147e-13,4.0958e-12,-1.3416e-11,1,0.004086,0,0.001816,0.199
0.011658,-1.1575e-16,-6.0143e-10,0.35909,-1.7533e-16,-6.0143e-10,0.35909,1.2224e-13,4.0539e-12,-1.239e-11,1.2224e-13,4.0539e-12,-1.239e-11,1,0.0040905,0,0.0018205,0.199
0.011658,-1.1458e-16,-5.9311e-10,0.35567,-1.73e-16,-5.9311e-10,0.35567,1.2301e-13,4.012e-12,-1.1363e-11,1.2301e-13,4.012e-12,-1.1363e-11,1,0.0040951,0,0.0018251,0.199
0.011658,-1.1341e-16,-5.8479e-10,0.35224,-1.7066e-16,-5.8479e-10,0.35224,1.2378e-13,3.9701e-12,-1.0337e-11,1.2378e-13,3.9701e-12,-1.0337e-11,1,0.0040996,0,0.0018296,0.199
0.011658,-1.1224e-16,-5.7648e-10,0.34882,-1.6832e-16,-5.7648e-10,0.34882,1.2455e-13,3.9282e-12,-9.3099e-12,1.2455e-13,3.9282e-12,-9.3099e-12,1,0.0041042,0,0.0018342,0.199
0.011658,-1.1107e-16,-5.6816e-10,0.34539,-1.6598e-16,-5.6816e-10,0.34539,1.2531e-13,3.8863e-12,-8.2833e-12,1.2531e-13,3.8863e-12,-8.2833e-12,1,0.0041087,0,0.0018387,0.199
0.011658,-1.099e-16,-5.5984e-10,0.34197,-1.6364e-16,-5.5984e-10,0.34197,1.2608e-13,3.8443e-12,-7.2567e-12,1.2608e-13,3.8443e-12,-7.2567e-12,1,0.0041132,0,0.0018432,0.199
0.011658,-1.0873e-16,-5.5152e-10,0.33854,-1.613e-16,-5.5152e-10,0.33854,1.2685e-13,3.8024e-12,-6.2301e-12,1.2685e-13,3.8024e-12,-6.2301e-12,1,0.0041178,0,0.0018478,0.199
0.011658,-1.0756e-16,-5.432e-10,0.33512,-1.5897e-16,-5.4321e-10,0.33512,1.2762e-13,3.7605e-12,-5.2035e-12,1.2762e-13,3.7605e-12,-5.2035e-12,1,0.0041223,0,0.0018523,0.199
0.011658,-1.0639e-16,-5.3489e-10,0.33169,-1.5663e-16,-5.3489e-10,0.33169,1.2838e-13,3.7186e-12,-4.177e-12,1.2838e-13,3.7186e-12,-4.177e-12,1,0.0041269,0,0.0018569,0.199
0.011658,-1.0523e-16,-5.2657e-10,0.32827,-1.5429e-16,-5.2657e-10,0.32827,1.2915e-13,3.6767e-12,-3.1504e-12,1.2915e-13,3.6767e-12,-3.1504e-12,1,0.0041314,0,0.0018614,0.199
0.011658,-1.0406e-16,-5.1825e-10,0.32484,-1.5195e-16,-5.1825e-10,0.32484,1.2992e-13,3.6348e-12,-2.1238e-12,1.2992e-13,3.6348e-12,-2.1238e-12,1,0.0041359,0,0.0018659,0.199
0.011658,-1.0289e-16,-5.0993e-10,0.32142,-1.4961e-16,-5.0993e-10,0.32142,1.3069e-13,3.5929e-12,-1.0972e-12,1.3069e-13,3.5929e-12,-1.0972e-12,1,0.0041405,0,0.0018705,0.199
0.011658,-1.0172e-16,-5.0162e-10,0.31799,-1.4727e-16,-5.0162e-10,0.31799,1.3145e-13,3.5509e-12,-7.0567e-14,1.3145e-13,3.5509e-12,-7.0567e-14,1,0.004145,0,0.001875,0.199
0.011658,-1.0055e-16,-4.933e-10,0.31457,-1.4494e-16,-4.933e-10,0.31457,1.3222e-13,3.509e-12,9.5602e-13,1.3222e-13,3.509e-12,9.5602e-13,1,0.0041496,0,0.0018796,0.199
0.011658,-9.9379e-17,-4.8498e-10,0.31114,-1.426e-16,-4.8498e-10,0.31114,1.3299e-13,3.4671e-12,1.9826e-12,1.3299e-13,3.4671e-12,1.9826e-12,1,0.0041541,0,0.0018841,0.199
0.011658,-9.821e-17,-4.7666e-10,0.30772,-1.4026e-16,-4.7666e-10,0.30772,1.3376e-13,3.4252e-12,3.0092e-12,1.3376e-13,3.4252e-12,3.0092e-12,1,0.0041586,0,0.0018886,0.199
0.011658,-9.7041e-17,-4.6835e-10,0.30429,-1.3792e-16,-4.6835e-10,0.30429,1.3453e-13,3.3833e-12,4.0358e-12,1.3453e-13,3.3833e-12,4.0358e-12,1,0.0041632,0,0.0018932,0.199
0.011658,-9.5872e-17,-4.6003e-10,0.30087,-1.3558e-16,-4.6003e-10,0.30087,1.3529e-13,3.3414e-12,5.0624e-12,1.3529e-13,3.3414e-12,5.0624e-12,1,0.0041677,0,0.0018977,0.199
0.011658,-9.3694e-17,-4.5171e-10,0.29744,-1.3224e-16,-4.5171e-10,0.29744,1.3606e-13,3.2995e-12,6.089e-12,1.3606e-13,3.2995e-12,6.089e-12,1,0.0041723,0,0.0019023,0.199
0.011658,-9.3515e-17,-4.4339e-10,0.29402,-1.3089e-16,-4.4339e-10,0.29402,1.3683e-13,3.2576e-12,7.1156e-12,1.3683e-13,3.2576e-12,7.1156e-12,1,0.0041768,0,0.0019068,0.199
0.011658,-9.2364e-17,-4.3508e-10,0.29059,-1.2857e-16,-4.3508e-10,0.29059,1.376e-13,3.2156e-12,8.1422e-12,1.376e-13,3.2156e-12,8.1422e-12,1,0.0041813,0,0.0019113,0.199
0.011658,-9.1195e-17,-4.2676e-10,0.28717,-1.2623e-16,-4.2676e-10,0.28717,1.3836e-13,3.1737e-12,9.1688e-12,1.3836e-13,3.1737e-12,9.1688e-12,1,0.0041859,0,0.0019159,0.199
0.011658,-9.0026e-17,-4.1844e-10,0.28374,-1.2389e-16,-4.1844e-10,0.28374,1.3913e-13,3.1318e-12,1.0195e-11,1.3913e-13,3.1318e-12,1.0195e-11,1,0.0041904,0,0.0019204,0.199
0.011658,-8.8857e-17,-4.1012e-10,0.28032,-1.2155e-16,-4.1012e-10,0.28032,1.399e-13,3.0899e-12,1.1222e-11,1.399e-13,3.0899e-12,1.1222e-11,1,0.004195,0,0.001925,0.199
0.011658,-8.7688e-17,-4.018e-10,0.27689,-1.1921e-16,-4.018e-10,0.27689,1.4067e-13,3.048e-12,1.2249e-11,1.4067e-13,3.048e-12,1.2249e-11,1,0.0041995,0,0.0019295,0.199
0.011658,-8.6518e-17,-3.9349e-10,0.27347,-1.1688e-16,-3.9349e-10,0.27347,1.4144e-13,3.0061e-12,1.3275e-11,1.4144e-13,3.0061e-12,1.3275e-11,1,0.004204,0,0.001934,0.199
0.011658,-8.5349e-17,-3.8517e-10,0.27004,-1.1454e-16,-3.8517e-10,0.27004,1.422e-13,2.9642e-12,1.4302e-11,1.422e-13,2.9642e-12,1.4302e-11,1,0.0042086,0,0.0019386,0.199
0.011658,-8.418e-17,-3.7685e-10,0.26662,-1.122e-16,-3.7685e-10,0.26662,1.4297e-13,2.9223e-12,1.5328e-11,1.4297e-13,2.9223e-12,1.5328e-11,1,0.0042131,0,0.0019431,0.199
0.011658,-8.3011e-17,-3.6853e-10,0.26319,-1.0986e-16,-3.6853e-10,0.26319,1.4374e-13,2.8803e-12,1.6355e-11,1.4374e-13,2.8803e-12,1.6355e-11,1,0.0042177,0,0.0019477,0.199
0.011658,-8.1842e-17,-3.6022e-10,0.25977,-1.0752e-16,-3.6022e-10,0.25977,1.4451e-13,2.8384e-12,1.7382e-11,1.4451e-13,2.8384e-12,1.7382e-11,1,0.0042222,0,0.0019522,0.199
0.011658,-8.0673e-17,-3.519e-10,0.25634,-1.0518e-16,-3.519e-10,0.25634,1.4527e-13,2.7965e-12,1.8408e-11,1.4527e-13,2.7965e-12,1.8408e-11,1,0.0042267,0,0.0019567,0.199
0.011658,-7.9503e-17,-3.4358e-10,0.25292,-1.0285e-16,-3.4358e-10,0.25292,1.4604e-13,2.7546e-12,1.9435e-11,1.4604e-13,2.7546e-12,1.9435e-11,1,0.0042313,0,0.0019613,0.199
0.011658,-7.8334e-17,-3.3526e-10,0.24949,-1.0051e-16,-3.3526e-10,0.24949,1.4681e-13,2.7127e-12,2.0461e-11,1.4681e-13,2.7127e-12,2.0461e-11,1,0.0042358,0,0.0019658,0.199
0.011658,-7.7165e-17,-3.2695e-10,0.24607,-9.8168e-17,-3.2695e-10,0.24607,1.4758e-13,2.6708e-12,2.1488e-11,1.4758e-13,2.6708e-12,2.1488e-11,1,0.0042404,0,0.0019704,0.199
0.011658,-7.5996e-17,-3.1863e-10,0.24264,-9.583e-17,-3.1863e-10,0.24264,1.4835e-13,2.6289e-12,2.2514e-11,1.4835e-13,2.6289e-12,2.2514e-11,1,0.0042449,0,0.0019749,0.199
0.011658,-7.4827e-17,-3.1031e-10,0.23922,-9.3492e-17,-3.1031e-10,0.23922,1.4911e-13,2.587e-12,2.3541e-11,1.4911e-13,2.587e-12,2.3541e-11,1,0.0042494,0,0.0019794,0.199
0.011658,-7.3658e-17,-3.0199e-10,0.23579,-9.1153e-17,-3.0199e-10,0.23579,1.4988e-13,2.545e-12,2.4568e-11,1.4988e-13,2.545e-12,2.4568e-11,1,0.004254,0,0.001984,0.199
0.011658,-7.2488e-17,-2.9367e-10,0.23237,-8.8815e-17,-2.9367e-10,0.23237,1.5065e-13,2.5031e-12,2.5594e-11,1.5065e-13,2.5031e-12,2.5594e-11,1,0.0042585,0,0.0019885,0.199
0.011658,-7.1319e-17,-2.8536e-10,0.22894,-8.6477e-17,-2.8536e-10,0.22894,1.5142e-13,2.4612e-12,2.6621e-11,1.5142e-13,2.4612e-12,2.6621e-11,1,0.0042631,0,0.0019931,0.199
0.011658,-7.015e-17,-2.7704e-10,0.22552,-8.4138e-17,-2.7704e-10,0.22552,1.5218e-13,2.4193e-12,2.7647e-11,1.5218e-13,2.4193e-12,2.7647e-11,1,0.0042676,0,0.0019976,0.199
0.011658,-6.8981e-17,-2.6872e-10,0.22209,-8.18e-17,-2.6872e-10,0.22209,1.5295e-13,2.3774e-12,2.8674e-11,1.5295e-13,2.3774e-12,2.8674e-11,1,0.0042721,0,0.0020021,0.199
0.011658,-6.7812e-17,-2.604e-10,0.21867,-7.9462e-17,-2.604e-10,0.21867,1.5372e-13,2.3355e-12,2.9701e-11,1.5372e-13,2.3355e-12,2.9701e-11,1,0.0042767,0,0.0020067,0.199
0.011658,-6.6643e-17,-2.5209e-10,0.21524,-7.7123e-17,-2.5209e-10,0.21524,1.5449e-13,2.2936e-12,3.0727e-11,1.5449e-13,2.2936e-12,3.0727e-11,1,0.0042812,0,0.0020112,0.199
0.011658,-6.5473e-17,-2.4377e-10,0.21182,-7.4785e-17,-2.4377e-10,0.21182,1.5525e-13,2.2516e-12,3.1754e-11,1.5525e-13,2.2516e-12,3.1754e-11,1,0.0042858,0,0.0020158,0.199
0.011658,-6.4304e-17,-2.3545e-10,0.20839,-7.2447e-17,-2.3545e-10,0.20839,1.5602e-13,2.2097e-12,3.278e-11,1.5602e-13,2.2097e-12,3.278e-11,1,0.0042903,0,0.0020203,0.199
0.011658,-6.3135e-17,-2.2713e-10,0.20497,-7.0108e-17,-2.2713e-10,0.20497,1.5679e-13,2.1678e-12,3.3807e-11,1.5679e-13,2.1678e-12,3.3807e-11,1,0.0042948,0,0.0020248,0.199
0.011658,-6.1966e-17,-2.2107e-10,0.20221,-6.8205e-17,-2.2107e-10,0.20221,1.5602e-13,2.1266e-12,3.4142e-11,1.5602e-13,2.1266e-12,3.4142e-11,1,0.0042994,0,0.0020294,0.199
0.011658,-6.0797e-17,-2.182e-10,0.2004,-6.6919e-17,-2.182e-10,0.2004,1.5308e-13,2.0865e-12,3.3498e-11,1.5308e-13,2.0865e-12,3.3498e-11,1,0.0043039,0,0.0020339,0.199
0.011658,-5.9628e-17,-2.1533e-10,0.19859,-6.5632e-17,-2.1533e-10,0.19859,1.5013e-13,2.0464e-12,3.2853e-11,1.5013e-13,2.0464e-12,3.2853e-11,1,0.0043085,0,0.0020385,0.199
0.011658,-5.8458e-17,-2.1246e-10,0.19678,-6.4345e-17,-2.1246e-10,0.19678,1.4719e-13,2.0063e-12,3.2209e-11,1.4719e-13,2.0063e-12,3.2209e-11,1,0.004313,0,0.002043,0.199
0.011658,-5.7289e-17,-2.0959e-10,0.19497,-6.3058e-17,-2.0959e-10,0.19497,1.4425e-13,1.9661e-12,3.1565e-11,1.4425e-13,1.9661e-12,3.1565e-11,1,0.0043175,0,0.0020475,0.199
0.011658,-5.612e-17,-2.0672e-10,0.19316,-6.1771e-17,-2.0672e-10,0.19316,1.413e-13,1.926e-12,3.0921e-11,1.413e-13,1.926e-12,3.0921e-11,1,0.0043221,0,0.0020521,0.199
0.011658,-5.4951e-17,-2.0385e-10,0.19135,-6.0484e-17,-2.0385e-10,0.19135,1.3836e-13,1.8859e-12,3.0277e-11,1.3836e-13,1.8859e-12,3.0277e-11,1,0.0043266,0,0.0020566,0.199
0.011658,-5.3782e-17,-2.0097e-10,0.18954,-5.9197e-17,-2.0097e-10,0.18954,1.3541e-13,1.8458e-12,2.9632e-11,1.3541e-13,1.8458e-12,2.9632e-11,1,0.0043312,0,0.0020612,0.199
0.011658,-5.2613e-17,-1.981e-10,0.18773,-5.791e-17,-1.981e-10,0.18773,1.3247e-13,1.8056e-12,2.8988e-11,1.3247e-13,1.8056e-12,2.8988e-11,1,0.0043357,0,0.0020657,0.199
0.011658,-5.1443e-17,-1.9523e-10,0.18592,-5.6623e-17,-1.9523e-10,0.18592,1.2953e-13,1.7655e-12,2.8344e-11,1.2953e-13,1.7655e-12,2.8344e-11,1,0.0043402,0,0.0020702,0.199
0.011658,-5.0274e-17,-1.9236e-10,0.18411,-5.5337e-17,-1.9236e-10,0.18411,1.2658e-13,1.7254e-12,2.77e-11,1.2658e-13,1.7254e-12,2.77e-11,1,0.0043448,0,0.0020748,0.199
0.011658,-4.9105e-17,-1.8949e-10,0.1823,-5.405e-17,-1.8949e-10,0.1823,1.2364e-13,1.6853e-12,2.7056e-11,1.2364e-13,1.6853e-12,2.7056e-11,1,0.0043493,0,0.0020793,0.199
0.011658,-4.7936e-17,-1.8662e-10,0.18049,-5.2763e-17,-1.8662e-10,0.18049,1.207e-13,1.6451e-12,2.6412e-11,1.207e-13,1.6451e-12,2.6412e-11,1,0.0043539,0,0.0020839,0.199
0.011658,-4.6767e-17,-1.8375e-10,0.17868,-5.1476e-17,-1.8375e-10,0.17868,1.1775e-13,1.605e-12,2.5767e-11,1.1775e-13,1.605e-12,2.5767e-11,1,0.0043584,0,0.0020884,0.199
0.011658,-4.5598e-17,-1.8088e-10,0.17687,-5.0189e-17,-1.8088e-10,0.17687,1.1481e-13,1.5649e-12,2.5123e-11,1.1481e-13,1.5649e-12,2.5123e-11,1,0.0043629,0,0.0020929,0.199
0.011658,-4.4428e-17,-1.7801e-10,0.17506,-4.8902e-17,-1.7801e-10,0.17506,1.1186e-13,1.5248e-12,2.4479e-11,1.1186e-13,1.5248e-12,2.4479e-11,1,0.0043675,0,0.0020975,0.199
0.011658,-4.3259e-17,-1.7513e-10,0.17325,-4.7615e-17,-1.7513e-10,0.17325,1.0892e-13,1.4846e-12,2.3835e-11,1.0892e-13,1.4846e-12,2.3835e-11,1,0.004372,0,0.002102,0.199
0.011658,-4.209e-17,-1.7226e-10,0.17144,-4.6328e-17,-1.7226e-10,0.17144,1.0598e-13,1.4445e-12,2.3191e-11,1.0598e-13,1.4445e-12,2.3191e-11,1,0.0043766,0,0.0021066,0.199
0.011658,-4.0921e-17,-1.6939e-10,0.16963,-4.5041e-17,-1.6939e-10,0.16963,1.0303e-13,1.4044e-12,2.2546e-11,1.0303e-13,1.4044e-12,2.2546e-11,1,0.0043811,0,0.0021111,0.199
0.011658,-3.9752e-17,-1.6652e-10,0.16782,-4.3754e-17,-1.6652e-10,0.16782,1.0009e-13,1.3643e-12,2.1902e-11,1.0009e-13,1.3643e-12,2.1902e-11,1,0.0043856,0,0.0021156,0.199
0.011658,-3.8583e-17,-1.6365e-10,0.16601,-4.2468e-17,-1.6365e-10,0.16601,9.7145e-14,1.3241e-12,2.1258e-11,9.7145e-14,1.3241e-12,2.1258e-11,1,0.0043902,0,0.0021202,0.199
0.011658,-3.7413e-17,-1.6078e-10,0.1642,-4.1181e-17,-1.6078e-10,0.1642,9.4201e-14,1.284e-12,2.0614e-11,9.4201e-14,1.284e-12,2.0614e-11,1,0.0043947,0,0.0021247,0.199
0.011658,-3.6244e-17,-1.5791e-10,0.16239,-3.9894e-17,-1.5791e-10,0.16239,9.1257e-14,1.2439e-12,1.997e-11,9.1257e-14,1.2439e-12,1.997e-11,1,0.0043993,0,0.0021293,0.199
0.011658,-3.5075e-17,-1.5504e-10,0.16058,-3.8607e-17,-1.5504e-10,0.16058,8.8314e-14,1.2038e-12,1.9326e-11,8.8314e-14,1.2038e-12,1.9326e-11,1,0.0044038,0,0.0021338,0.199
0.011658,-3.3906e-17,-1.5217e-10,0.15877,-3.732e-17,-1.5217e-10,0.15877,8.537e-14,1.1636e-12,1.8681e-11,8.537e-14,1.1636e-12,1.8681e-11,1,0.0044083,0,0.0021383,0.199
0.011658,-3.2737e-17,-1.493e-10,0.15696,-3.6033e-17,-1.493e-10,0.15696,8.2426e-14,1.1235e-12,1.8037e-11,8.2426e-14,1.1235e-12,1.8037e-11,1,0.0044129,0,0.0021429,0.199
0.011658,-3.1539e-17,-1.4642e-10,0.15515,-3.4718e-17,-1.4642e-10,0.15515,7.9482e-14,1.0834e-12,1.7393e-11,7.9482e-14,1.0834e-12,1.7393e-11,1,0.0044174,0,0.0021474,0.199
0.011658,-3.0235e-17,-1.4355e-10,0.15334,-3.3296e-17,-1.4355e-10,0.15334,7.6539e-14,1.0433e-12,1.6749e-11,7.6539e-14,1.0433e-12,1.6749e-11,1,0.004422,0,0.002152,0.199
0.011658,-2.9229e-17,-1.4068e-10,0.15153,-3.2172e-17,-1.4068e-10,0.15153,7.3595e-14,1.0031e-12,1.6105e-11,7.3595e-14,1.0031e-12,1.6105e-11,1,0.0044265,0,0.0021565,0.199
0.011658,-2.806e-17,-1.3781e-10,0.14972,-3.0886e-17,-1.3781e-10,0.14972,7.0651e-14,9.6301e-13,1.546e-11,7.0651e-14,9.6301e-13,1.546e-11,1,0.004431,0,0.002161,0.199
0.011658,-2.6891e-17,-1.3494e-10,0.14791,-2.9599e-17,-1.3494e-10,0.14791,6.7707e-14,9.2288e-13,1.4816e-11,6.7707e-14,9.2288e-13,1.4816e-11,1,0.0044356,0,0.0021656,0.199
0.011658,-2.5722e-17,-1.3207e-10,0.1461,-2.8312e-17,-1.3207e-10,0.1461,6.4763e-14,8.8276e-13,1.4172e-11,6.4763e-14,8.8276e-13,1.4172e-11,1,0.0044401,0,0.0021701,0.199
0.011658,-2.4553e-17,-1.292e-10,0.14429,-2.7025e-17,-1.292e-10,0.14429,6.182e-14,8.4263e-13,1.3528e-11,6.182e-14,8.4263e-13,1.3528e-11,1,0.0044447,0,0.0021747,0.199
0.011658,-2.3383e-17,-1.2633e-10,0.14248,-2.5738e-17,-1.2633e-10,0.14248,5.8876e-14,8.0251e-13,1.2884e-11,5.8876e-14,8.0251e-13,1.2884e-11,1,0.0044492,0,0.0021792,0.199
0.011658,-2.2214e-17,-1.2346e-10,0.14067,-2.4451e-17,-1.2346e-10,0.14067,5.5932e-14,7.6238e-13,1.2239e-11,5.5932e-14,7.6238e-13,1.2239e-11,1,0.0044537,0,0.0021837,0.199
0.011658,-2.1045e-17,-1.2059e-10,0.13886,-2.3164e-17,-1.2059e-10,0.13886,5.2988e-14,7.2226e-13,1.1595e-11,5.2988e-14,7.2226e-13,1.1595e-11,1,0.0044583,0,0.0021883,0.199
0.011658,-1.9876e-17,-1.1771e-10,0.13705,-2.1877e-17,-1.1771e-10,0.13705,5.0044e-14,6.8213e-13,1.0951e-11,5.0044e-14,6.8213e-13,1.0951e-11,1,0.0044628,0,0.0021928,0.199
0.011658,-1.8707e-17,-1.1484e-10,0.13524,-2.059e-17,-1.1484e-10,0.13524,4.7101e-14,6.4201e-13,1.0307e-11,4.7101e-14,6.4201e-13,1.0307e-11,1,0.0044674,0,0.0021974,0.199
0.011658,-1.7537e-17,-1.1197e-10,0.13343,-1.9303e-17,-1.1197e-10,0.13343,4.4157e-14,6.0188e-13,9.6627e-12,4.4157e-14,6.0188e-13,9.6627e-12,1,0.0044719,0,0.0022019,0.199
0.011658,-1.6368e-17,-1.091e-10,0.13162,-1.8017e-17,-1.091e-10,0.13162,4.1213e-14,5.6176e-13,9.0186e-12,4.1213e-14,5.6176e-13,9.0186e-12,1,0.0044764,0,0.0022064,0.199
0.011658,-1.5199e-17,-1.0623e-10,0.12981,-1.673e-17,-1.0623e-10,0.12981,3.8269e-14,5.2163e-13,8.3744e-12,3.8269e-14,5.2163e-13,8.3744e-12,1,0.004481,0,0.002211,0.199
0.011658,-1.403e-17,-1.0336e-10,0.128,-1.5443e-17,-1.0336e-10,0.128,3.5325e-14,4.8151e-13,7.7302e-12,3.5325e-14,4.8151e-13,7.7302e-12,1,0.0044855,0,0.0022155,0.199
0.011658,-1.2861e-17,-1.0049e-10,0.12619,-1.4156e-17,-1.0049e-10,0.12619,3.2382e-14,4.4138e-13,7.086e-12,3.2382e-14,4.4138e-13,7.086e-12,1,0.0044901,0,0.0022201,0.199
0.011658,-1.1692e-17,-9.7617e-11,0.12438,-1.2869e-17,-9.7617e-11,0.12438,2.9438e-14,4.0126e-13,6.4418e-12,2.9438e-14,4.0126e-13,6.4418e-12,1,0.0044946,0,0.0022246,0.199
0.011658,-1.0522e-17,-9.4746e-11,0.12257,-1.1582e-17,-9.4746e-11,0.12257,2.6494e-14,3.6113e-13,5.7976e-12,2.6494e-14,3.6113e-13,5.7976e-12,1,0.0044991,0,0.0022291,0.199
0.011658,-9.3533e-18,-9.1875e-11,0.12076,-1.0295e-17,-9.1875e-11,0.12076,2.355e-14,3.21e-13,5.1535e-12,2.355e-14,3.21e-13,5.1535e-12,1,0.0045037,0,0.0022337,0.199
0.011658,-8.1842e-18,-8.9004e-11,0.11895,-9.0083e-18,-8.9004e-11,0.11895,2.0607e-14,2.8088e-13,4.5093e-12,2.0607e-14,2.8088e-13,4.5093e-12,1,0.0045082,0,0.0022382,0.199
0.011658,-7.015e-18,-8.6133e-11,0.11714,-7.7214e-18,-8.6133e-11,0.11714,1.7663e-14,2.4075e-13,3.8651e-12,1.7663e-14,2.4075e-13,3.8651e-12,1,0.0045128,0,0.0022428,0.199
0.011658,-5.8458e-18,-8.3262e-11,0.11533,-6.4345e-18,-8.3262e-11,0.11533,1.4719e-14,2.0063e-13,3.2209e-12,1.4719e-14,2.0063e-13,3.2209e-12,1,0.0045173,0,0.0022473,0.199
0.011658,-4.6767e-18,-8.039e-11,0.11352,-5.1476e-18,-8.0391e-11,0.11352,1.1775e-14,1.605e-13,2.5767e-12,1.1775e-14,1.605e-13,2.5767e-12,1,0.0045218,0,0.0022518,0.199
0.011658,-3.5075e-18,-7.7519e-11,0.11171,-3.8607e-18,-7.7519e-11,0.11171,8.8313e-15,1.2038e-13,1.9325e-12,8.8313e-15,1.2038e-13,1.9325e-12,1,0.0045264,0,0.0022564,0.199
0.011658,-2.3383e-18,-7.4648e-11,0.1099,-2.5738e-18,-7.4648e-11,0.1099,5.8875e-15,8.025e-14,1.2884e-12,5.8875e-15,8.025e-14,1.2884e-12,1,0.0045309,0,0.0022609,0.199
0.011658,-1.1692e-18,-7.1777e-11,0.10809,-1.2869e-18,-7.1777e-11,0.10809,2.9438e-15,4.0125e-14,6.4418e-13,2.9438e-15,4.0125e-14,6.4418e-13,1,0.0045355,0,0.0022655,0.199
0.011658,4.0561e-24,-6.8906e-11,0.10628,4.0561e-24,-6.8906e-11,0.10628,-2.1647e-27,-2.9506e-26,-4.7369e-25,-2.1647e-27,-2.9506e-26,-4.7369e-25,1,0.00454,0,0.00227,0.199
